Item number,Title,Variation details,Custom label (SKU),Available quantity,Format,Currency,Start price,Auction Buy It Now price,Reserve price,Current price,Sold quantity,Watchers,Bids,Start date,End date,eBay category 1 name,eBay category 1 number,eBay category 2 name,eBay category 2 number,Condition,CD:Professional Grader - (ID: 27501),CD:Grade - (ID: 27502),CDA:Certification Number - (ID: 27503),CD:Card Condition - (ID: 40001),eBay Product ID(ePID),Listing site,P:UPC,P:EAN,P:ISBN
"266821921738",Kenneth Cole Women Blue Bomber Jacket Full Zip Cut Out Small.,,,"1","FIXED_PRICE","USD",20.0,,,20.0,"0","","","May-20-24 20:50:06 PDT","Jun-20-26 20:50:06 PDT","Coats, Jackets & Vests","63862","","","Pre-owned - Good","","","","","","US","","",""
"266823094768",EXPRESS Sleeveless Dress white Size 0,,,"1","FIXED_PRICE","USD",15.0,,,15.0,"0","","","May-21-24 16:49:36 PDT","Jun-21-26 16:49:36 PDT","Dresses","63861","","","Pre-owned - Good","","","","","","US","","",""
"266840869713",Express Womens Medium S Gray Sweater,,,"1","FIXED_PRICE","USD",15.0,,,15.0,"0","2","","Jun-01-24 20:52:03 PDT","Jul-01-26 20:52:03 PDT","Sweaters","63866","","","Pre-owned - Good","","","","","","US","","",""
"266840925366",Sz 10 Brand New Air Jordan 1 Retro High OG 'Lost And Found' Chicago DZ5485-612,,,"1","FIXED_PRICE","USD",380.0,,,380.0,"0","2","0","Jun-01-24 21:25:38 PDT","Jul-01-26 21:25:38 PDT","Athletic Shoes","15709","","","New with box","","","","","","US","","",""
"266861219732",Air Jordan 11 Retro DMP Gratitude (2023) CT8012-170,,,"2","FIXED_PRICE","USD",290.0,,,290.0,"0","1","0","Jun-14-24 23:22:37 PDT","Jun-14-26 23:22:37 PDT","Athletic Shoes","15709","","","New with box","","","","","","US","","",""
"266863879879",Nike Kobe 6 Protro Reverse Grinch Size 10.5,,,"1","FIXED_PRICE","USD",550.0,,,550.0,"0","3","","Jun-16-24 19:37:12 PDT","Jun-16-26 19:37:12 PDT","Athletic Shoes","15709","","","New with box","","","","","","US","","",""
"266877984675",Champion Authentic Unisex Multi Purpose Belt Bag Black Logo Sport Casual,,,"0","FIXED_PRICE","USD",15.0,,,15.0,"1","2","0","Jun-26-24 20:13:47 PDT","Jun-26-26 20:13:47 PDT","Bags","52357","","","New without tags","","","","","","US","","",""
"266881526503",Starbucks Coffee Mug 12oz Christmas Candy Cane Mistletoe Holly Cup Holiday 2019,,,"0","FIXED_PRICE","USD",15.0,,,15.0,"1","0","","Jun-28-24 23:19:03 PDT","Jun-28-26 23:19:03 PDT","Other Holiday Collectibles","365","","","","","","","","","US","","",""
"266961723060",Pack of 3 Cascade Mountain Tech Compact Collapsible Led Lantern 500 Lumens ,,,"1","FIXED_PRICE","USD",29.95,,,29.95,"0","","","Aug-22-24 20:04:01 PDT","Jun-22-26 20:04:01 PDT","Lanterns","168867","","","Used","","","","","","US","850010345048","",""
"267009974726",Homedics Massager HHP-300 Vibrating Percussion With Heat & Extendable Handle,,Misc box 2,"1","FIXED_PRICE","USD",25.0,,,25.0,"0","0","","Sep-29-24 17:54:39 PDT","Jun-29-26 17:54:39 PDT","Massagers","36449","","","Used","","","","","","US","Does not apply","",""
"267018830613",Weatherproof Vintage Hawaiian Shirt Men's Size L Blue Floral ,,,"0","FIXED_PRICE","USD",19.95,,,19.95,"1","0","0","Oct-06-24 22:31:46 PDT","Jul-06-26 22:31:46 PDT","Polos","185101","","","Pre-owned - Good","","","","","","US","","",""
"267024879014",Adidas Pulse Blue Terrex Made to be Remade Hiking Pants HI3624 Size M,,,"0","FIXED_PRICE","USD",60.0,,,60.0,"1","5","","Oct-11-24 19:51:04 PDT","Jul-11-26 19:51:04 PDT","Activewear Pants","260956","","","Pre-owned - Good","","","","","","US","","",""
"267037896341",Spyder Active Men’s ProwB Sweatpants/Joggers Size XL Drawstring Gray MSRP $98,,,"0","FIXED_PRICE","USD",39.95,,,39.95,"1","1","0","Oct-22-24 14:13:04 PDT","Jun-22-26 14:13:04 PDT","Activewear Pants","260956","","","New with tags","","","","","","US","","",""
"267039202109",VICTORIAN COLLECTION PORCELAIN DOLL/ LIMITED  EDITION MELISSA JANE VINTAGE,,Free,"1","FIXED_PRICE","USD",49.88,,,49.88,"0","2","0","Oct-23-24 22:05:14 PDT","Jun-23-26 22:05:14 PDT","Dolls & Doll Playsets","262346","","","Used","","","","","","US","","",""
"267073969244","Operations For Levi Strauss Co. Rare Gray Wool Blend Blazer Sport Coat, L",,Hanging 2.49,"0","FIXED_PRICE","USD",80.0,,,80.0,"1","2","","Nov-22-24 19:02:40 PST","Jun-22-26 19:02:40 PDT","Suits & Suit Separates","3001","","","Pre-owned - Good","","","","","","US","","",""
"267111195327",BELL Marvel Spiderman Protective Gear Knee & Elbow Pads & Bicycle Skate Ages 3+,,17,"1","FIXED_PRICE","USD",30.0,,,30.0,"0","","","Dec-30-24 20:48:02 PST","Jun-30-26 20:48:02 PDT","Protective Gear","36317","","","New with tags","","","","","","US","035011983981","",""
"267116911897",Aftermarket SiriMoto Front Strut Tower Brace From 2016 Honda Civic Sedan,,120,"1","FIXED_PRICE","USD",100.0,,,100.0,"0","","","Jan-05-25 21:57:06 PST","Jul-05-26 21:57:06 PDT","Shocks, Struts & Assemblies","33590","","","Used","","","","","","US","","",""
"267124116437","OOOH YEAH! Socks - Black Red, Large/X-Large SRIRACHA Unisex",,4.50,"1","FIXED_PRICE","USD",25.0,,,25.0,"0","","","Jan-13-25 10:42:15 PST","Jul-13-26 10:42:15 PDT","Other Apparel, Protective Gear & Merchandise","6753","","","New with tags","","","","","","US","","",""
"267124119128","Good Luck Socks Rambo First Blood Adult Socks, One Size (8-13)",,4.50,"1","FIXED_PRICE","USD",20.0,,,20.0,"0","0","0","Jan-13-25 10:46:35 PST","Jul-13-26 10:46:35 PDT","Socks","11511","","","New with tags","","","","","","US","826728042265","",""
"267144955077",New Era Las Vegas Raiders Shield 59fifty Fitted Hat in Black and White 8 1/8,,4.99,"0","FIXED_PRICE","USD",30.0,,,30.0,"1","4","0","Feb-03-25 16:10:00 PST","Jul-03-26 16:10:00 PDT","Football-NFL","206","","","Used","","","","","","US","","",""
"267168710761",Lauren Ralph Lauren Top MENS Large Pink Button Up Non Iron Long Sleeve Preppy,,12.99,"1","FIXED_PRICE","USD",25.0,,,25.0,"0","","","Feb-23-25 10:50:18 PST","Jun-23-26 10:50:18 PDT","Polos","185101","","","Pre-owned - Good","","","","","","US","","",""
"267168921477",Vince Camuto Women Sz 5 Wantilla Zip Buckle High Fashion Boots,,12,"1","FIXED_PRICE","USD",50.0,,,50.0,"0","","","Feb-23-25 15:05:05 PST","Jun-23-26 15:05:05 PDT","Boots","53557","","","New without box","","","","","","US","Does not apply","",""
"267169048067",PAC 1980 PAC WHISPER Active Neon Green Leila Wrap Mini Skort Size Med Soft,,4,"1","FIXED_PRICE","USD",25.0,,,25.0,"0","0","","Feb-23-25 17:22:45 PST","Jun-23-26 17:22:45 PDT","Activewear Skirts & Skorts","261046","","","New with tags","","","","","","US","","",""
"267169095038",New Era Oklahoma City Thunder Snap back Cap,,6,"1","FIXED_PRICE","USD",25.0,,,25.0,"0","","","Feb-23-25 18:24:36 PST","Jun-23-26 18:24:36 PDT","Basketball-NBA","24442","","","Used","","","","","","US","","",""
"267169097277",Pacsun J.Galt Jean Jacket Womens Blue Denim Button Front Cut Off Raw Hem med,,8,"1","FIXED_PRICE","USD",30.0,,,30.0,"0","","","Feb-23-25 18:31:14 PST","Jun-23-26 18:31:14 PDT","Coats, Jackets & Vests","63862","","","New with tags","","","","","","US","Does not apply","",""
"267169100906",NWT-Truth By Republic Knit Top Preppy Vintage Beige Cream - S/P,,8,"1","FIXED_PRICE","USD",35.0,,,35.0,"0","1","0","Feb-23-25 18:35:58 PST","Jun-23-26 18:35:58 PDT","Sweaters","63866","","","New with tags","","","","","","US","","",""
"267169104289",ROYAL BLUE MLB CHICAGO CUBS LOGO ADJUSTABLE CURVED HAT CAP RETRO,,6,"1","FIXED_PRICE","USD",20.0,,,20.0,"0","","","Feb-23-25 18:43:34 PST","Jun-23-26 18:43:34 PDT","Hats","52365","","","Pre-owned - Good","","","","","","US","","",""
"267173149256",Boulder Gear 8769R Ski Snowboard Checkered black  WATERPROOF Youth/Teen XL,,12,"1","FIXED_PRICE","USD",45.0,,,45.0,"0","0","","Feb-27-25 15:51:05 PST","Jun-27-26 15:51:05 PDT","Pants","63863","","","Pre-owned - Good","","","","","","US","","",""
"267175466434",Boden Snow Ski Pants Blue Camouflage Boys 11-12 Years NWOT,,6.50,"1","FIXED_PRICE","USD",50.0,,,50.0,"0","3","0","Mar-01-25 20:09:54 PST","Jul-01-26 20:09:54 PDT","Outerwear","51933","","","New without tags","","","","","","US","","",""
"267179755398",Nike Dri Fit Skirt Skort Women’s Pink Peach Large,,5,"1","FIXED_PRICE","USD",20.0,,,20.0,"0","4","","Mar-05-25 18:08:17 PST","Jul-05-26 18:08:17 PDT","Activewear Skirts & Skorts","261046","","","Pre-owned - Good","","","","","","US","","",""
"267181703780",Joe's Jeans Mid Rise Straight Ankle Jeans Size 34 White  Ladies Cotton Blend,,5,"1","FIXED_PRICE","USD",30.0,,,30.0,"0","1","0","Mar-07-25 15:48:51 PST","Jul-07-26 15:48:51 PDT","Jeans","11554","","","Pre-owned - Good","","","","","","US","","",""
"267181730488",Guess Cotton Blend Blue coat Lined   size S,,3,"1","FIXED_PRICE","USD",40.0,,,40.0,"0","1","0","Mar-07-25 16:25:22 PST","Jul-07-26 16:25:22 PDT","Coats, Jackets & Vests","63862","","","Pre-owned - Good","","","","","","US","","",""
"267191449174",MITCHELL & NESS NBA CHICAGO BULLS FINALS HOODY SWEATSHIRT SIZE XL,,31,"1","FIXED_PRICE","USD",100.0,,,100.0,"0","6","0","Mar-16-25 16:27:34 PDT","Jun-16-26 16:27:34 PDT","Basketball-NBA","24442","","","New","","","","","","US","","",""
"267192080677",NIKE Dri-Fit Tennis Skort white sz Large,,5,"1","FIXED_PRICE","USD",25.0,,,25.0,"0","","","Mar-17-25 09:11:30 PDT","Jun-17-26 09:11:30 PDT","Activewear Skirts & Skorts","261046","","","Pre-owned - Good","","","","","","US","","",""
"267197149902",Patagonia Men’s Shorts Size 31 Dark Gray Summer Spring Pockets,,10,"1","FIXED_PRICE","USD",25.0,,,25.0,"0","0","0","Mar-22-25 11:45:01 PDT","Jun-22-26 11:45:01 PDT","Shorts","15689","","","Pre-owned - Good","","","","","","US","","",""
"267198311558",Mitchell & Ness NFL Vintage Los Angeles Rams Logo Yellow Blue SnapBack Cap Hat,,HANGING 5,"1","FIXED_PRICE","USD",30.0,,,30.0,"0","","","Mar-23-25 15:24:38 PDT","Jun-23-26 15:24:38 PDT","Football-NFL","206","","","Used","","","","","","US","Does not apply","",""
"267198313085","Optimus Prime PCS Collectibles Transformers Autobot 9"" Statue",,TOP SHELF 20,"1","FIXED_PRICE","USD",30.0,,,30.0,"0","8","0","Mar-23-25 15:30:08 PDT","Jun-23-26 15:30:08 PDT","Action Figures","261068","","","New","","","","","","US","","",""
"267198315358",Dragon Ball Z Trunks  Vol. 5 Resolution Of Soldiers Statue NIB,,TOP SHELF 15,"1","FIXED_PRICE","USD",40.0,,,40.0,"0","2","","Mar-23-25 15:34:17 PDT","Jun-23-26 15:34:17 PDT","Action Figures","261068","","","New","","","","","","US","","",""
"267202100673",Abercrombie & Fitch Sweater Womens M Gray Knit Crew Neck ,,misc2 0056 free,"0","FIXED_PRICE","USD",25.0,,,25.0,"1","10","0","Mar-27-25 11:58:09 PDT","Jun-27-26 11:58:09 PDT","Coats, Jackets & Vests","63862","","","Pre-owned - Excellent","","","","","","US","","",""
"267220718228",Vintage Carhartt Carpenter Shorts sz 38 light Tan Cotton original fit 90s,,8.50,"1","FIXED_PRICE","USD",30.0,,,30.0,"0","","","Apr-14-25 16:41:42 PDT","Jul-14-26 16:41:42 PDT","Shorts","15689","","","Pre-owned - Good","","","","","","US","","",""
"267225211328",Masters Collection Polo Shirt Mens X-Large Green Short Sleeve Golf Pullover,,0260 3.79,"1","FIXED_PRICE","USD",35.0,,,35.0,"0","","","Apr-18-25 19:28:10 PDT","Jun-18-26 19:28:10 PDT","Polos","185101","","","Pre-owned - Fair","","","","","","US","","",""
"267227733526",Peter Millar Checkered Blue Gray Dress Button Down Shirt Men's Size M,,0267 10,"1","FIXED_PRICE","USD",25.0,,,25.0,"0","","","Apr-21-25 08:56:30 PDT","Jun-21-26 08:56:30 PDT","Dress Shirts","57991","","","Pre-owned - Good","","","","","","US","","",""
"267227966140",rock & republic Black & Gray v-neck Blouse size Xl,,0278 6,"1","FIXED_PRICE","USD",25.0,,,25.0,"0","1","0","Apr-21-25 13:58:35 PDT","Jun-21-26 13:58:35 PDT","Tops","53159","","","New with tags","","","","","","US","","",""
"267227992267",Transport Master Truck Ford Mustang Team Trailer red Rig Remote,,10,"1","FIXED_PRICE","USD",35.0,,,35.0,"0","1","0","Apr-21-25 14:24:47 PDT","Jun-21-26 14:24:47 PDT","Cars, Trucks & Motorcycles","182183","","","New","","","","","","US","0781317033522","",""
"267228027629","Los Angeles Rams Logo NFL Team Apparel Antigua Hooded Sweatshirt, Sz M",,0280 6,"1","FIXED_PRICE","USD",40.0,,,40.0,"0","","","Apr-21-25 15:37:49 PDT","Jun-21-26 15:37:49 PDT","Hoodies & Sweatshirts","155183","","","Pre-owned - Excellent","","","","","","US","","",""
"267228029793",GUESS Jeans Solid Black Moto Bomber Jacket Women Size XS,,0273 2.79,"1","FIXED_PRICE","USD",25.0,,,25.0,"0","5","","Apr-21-25 15:42:35 PDT","Jun-21-26 15:42:35 PDT","Coats, Jackets & Vests","63862","","","Pre-owned - Excellent","","","","","","US","","",""
"267228945447",No Fear x H&M Women Jacket XXSmall To Med Black Varsity Logo Oversized,,12,"1","FIXED_PRICE","USD",30.0,,,30.0,"0","3","","Apr-22-25 14:58:55 PDT","Jun-22-26 14:58:55 PDT","Coats, Jackets & Vests","63862","","","Pre-owned - Excellent","","","","","","US","","",""
"267229575472",NFL Pittsburgh Steelers Charcoal Carbon Gray Trucker Adjustable Hat,,4.49,"1","FIXED_PRICE","USD",25.0,,,25.0,"0","","","Apr-23-25 08:22:09 PDT","Jun-23-26 08:22:09 PDT","Hats","52365","","","Pre-owned - Good","","","","","","US","","",""
"267229582416",LL Bean Blue Office Checkered Cotton Shirt XL,,4.99,"1","FIXED_PRICE","USD",30.0,,,30.0,"0","","","Apr-23-25 08:32:40 PDT","Jun-23-26 08:32:40 PDT","Polos","185101","","","Pre-owned - Excellent","","","","","","US","","",""
"267229589580",Carhartt T-Shirt Mens Med Pink Short Sleeve Cotton Blend Logo Grunge,,5,"1","FIXED_PRICE","USD",20.0,,,20.0,"0","","","Apr-23-25 08:43:00 PDT","Jun-23-26 08:43:00 PDT","T-Shirts","15687","","","Pre-owned - Excellent","","","","","","US","","",""
"267229605073",Nightmare Before Christmas Sweater Adult Large Disney Tim Burton Hot Topic Jack,,0281 5.49,"1","FIXED_PRICE","USD",25.0,,,25.0,"0","","","Apr-23-25 09:02:46 PDT","Jun-23-26 09:02:46 PDT","Sweaters","63866","","","Pre-owned - Excellent","","","","","","US","","",""
"267229622180",Under Armour Storm ColdGear Infrared Shield Hooded Jacket Womens MedPurple,,0266,"1","FIXED_PRICE","USD",25.0,,,25.0,"0","2","","Apr-23-25 09:09:59 PDT","Jun-23-26 09:09:59 PDT","Activewear Jackets","185079","","","Pre-owned - Good","","","","","","US","","",""
"267233498266",Official Trump Mega Cali Fame Make America Great Again Como Trucker Hat Cap,,,"1","FIXED_PRICE","USD",75.0,,,75.0,"0","","","Apr-27-25 11:08:00 PDT","Jun-27-26 11:08:00 PDT","Presidential Candidates","165560","","","Used","","","","","","US","","",""
"267233893677",VTG Los Angeles Rams NFL Crewneck Sweater Women Size S,,8.49,"1","FIXED_PRICE","USD",40.0,,,40.0,"0","6","","Apr-27-25 19:51:40 PDT","Jun-27-26 19:51:40 PDT","Football-NFL","206","","","Used","","","","","","US","","",""
"267233954876",Vintage Baltimore Ravins Hat Mens Reebok S/M Raised Logo Purple White NFL,,,"1","FIXED_PRICE","USD",20.0,,,20.0,"0","","","Apr-27-25 21:07:45 PDT","Jun-27-26 21:07:45 PDT","Football-NFL","206","","","Used","","","","","","US","","",""
"267234577026",Vintage Central Perk Friends TV Show Hat Green Adjustable Rare Cap,,1.49,"1","FIXED_PRICE","USD",25.0,,,25.0,"0","1","","Apr-28-25 11:30:44 PDT","Jun-28-26 11:30:44 PDT","Hats","52365","","","Pre-owned - Good","","","","","","US","Does Not Apply","",""
"267234592447",VTG Havoline Racing Snapback Hat NASCAR Chase Authentic Drivers Line Strapback,,1.40,"1","FIXED_PRICE","USD",15.0,,,15.0,"0","","","Apr-28-25 11:39:36 PDT","Jun-28-26 11:39:36 PDT","Racing-NASCAR","46156","","","","","","","","","US","Does not apply","",""
"267234699469",True Religion Jeans Womens 32x30 Boot Cut Low Rise Dark Stretch Y2K VTG USA,,,"1","FIXED_PRICE","USD",80.0,,,80.0,"0","14","0","Apr-28-25 13:14:08 PDT","Jun-28-26 13:14:08 PDT","Jeans","11554","","","Pre-owned - Excellent","","","","","","US","","",""
"267234787832",Original Chuck Floral Strap Back Blue Cap Hat Visor Logo Stitched,,,"1","FIXED_PRICE","USD",20.0,,,20.0,"0","1","","Apr-28-25 15:16:07 PDT","Jun-28-26 15:16:07 PDT","Hats","52365","","","Pre-owned - Good","","","","","","US","","",""
"267235516140",Arctic Slideback Hat Multi One Size Adjustable Colorblock Outdoor,,,"1","FIXED_PRICE","USD",15.0,,,15.0,"0","1","0","Apr-29-25 08:25:47 PDT","Jun-29-26 08:25:47 PDT","Hats","52365","","","Pre-owned - Good","","","","","","US","","",""
"267237418677",PUMA FLAT HAT/ OLIVE TACTICAL COLOR/ ONE SIZE/ FIT ADJUSTABLE CAP CAMO USA,,,"0","FIXED_PRICE","USD",15.0,,,15.0,"1","0","0","May-01-25 07:32:33 PDT","Jul-01-26 07:32:33 PDT","Hats","52365","","","Pre-owned - Good","","","","","","US","","",""
"267238594273",New York Yankees Hat Club Exclus New Era 59fifty 1950 World Series 7 1/4,,1.40,"0","FIXED_PRICE","USD",25.0,,,25.0,"1","0","0","May-02-25 11:15:21 PDT","Jul-02-26 11:15:21 PDT","Hats","52365","","","Pre-owned - Good","","","","","","US","","",""
"267238899342",Vintage 90s Blue New England Patriots Sports Snapback,,1.40,"1","FIXED_PRICE","USD",20.0,,,20.0,"0","","","May-02-25 17:48:16 PDT","Jul-02-26 17:48:16 PDT","Men's Hats","163619","","","","","","","","","US","","",""
"267240921755",Pittsburgh Steelers Pullover Men M Black 1/4 Zip Fleece NFL Team Football Fan,,8.49,"1","FIXED_PRICE","USD",15.0,,,15.0,"0","","","May-04-25 17:34:05 PDT","Jul-04-26 17:34:05 PDT","Football-NFL","206","","","Used","","","","","","US","","",""
"267242895918","Brand New Mandala Women's Scrub Top, Pink, L,",,8.50,"1","FIXED_PRICE","USD",30.0,,,30.0,"0","3","0","May-06-25 16:31:45 PDT","Jul-06-26 16:31:45 PDT","Sets","105432","","","New with tags","","","","","","US","","",""
"267243530599",Miami Marlins New Era 9Forty MLB Team Classic Stretch Flex youth,,1.40,"1","FIXED_PRICE","USD",15.0,,,15.0,"0","","","May-07-25 09:36:47 PDT","Jul-07-26 09:36:47 PDT","Baseball-MLB","24410","","","Used","","","","","","US","","",""
"267243543992",JEGS High Performance Hat Cap Racing Automotive Yellow Black Adjustable,,1.40,"1","FIXED_PRICE","USD",10.0,,,10.0,"0","","","May-07-25 09:52:56 PDT","Jul-07-26 09:52:56 PDT","Hats","52365","","","Pre-owned - Good","","","","","","US","","",""
"267243750094",Nordstrom SLIPPERS SUEDE BLACK Slip On Ship Skin M 7 And W 8,,7.49,"1","FIXED_PRICE","USD",50.0,,,50.0,"0","","","May-07-25 15:35:22 PDT","Jul-07-26 15:35:22 PDT","Slippers","11505","","","New without box","","","","","","US","Does not apply","",""
"267243980009",Blue Stitched Fox Nation Baseball Hat Opinion Done Right Hat,,1.4,"1","FIXED_PRICE","USD",15.0,,,15.0,"0","1","","May-07-25 22:43:01 PDT","Jul-07-26 22:43:01 PDT","Hats","52365","","","Pre-owned - Good","","","","","","US","","",""
"267243984196",Playboy Hat Cap Dad Strapback Black Embossed Bunny Gold Keenan Lids,,1.40,"1","FIXED_PRICE","USD",15.0,,,15.0,"0","5","","May-07-25 22:52:09 PDT","Jul-07-26 22:52:09 PDT","Hats","52365","","","Pre-owned - Good","","","","","","US","","",""
"267244804084",Pittsburgh Steelers Pullover Mens Med Black 1/4 Zip Sweater NFL Football G3,,8.50,"1","FIXED_PRICE","USD",25.0,,,25.0,"0","","","May-08-25 18:37:58 PDT","Jul-08-26 18:37:58 PDT","Football-NFL","206","","","Used","","","","","","US","","",""
"267244816355",NEW Jeeter Appearal Black Embrodiered Baseball Hat OSFM,,4.50,"1","FIXED_PRICE","USD",40.0,,,40.0,"0","1","","May-08-25 18:54:39 PDT","Jul-08-26 18:54:39 PDT","Hats","52365","","","New without tags","","","","","","US","","",""
"267247248089",Jägermeister Hat Baseball Cap Orange Stag Logo Adjustable Snapback,,1.40,"1","FIXED_PRICE","USD",15.0,,,15.0,"0","","","May-11-25 08:08:24 PDT","Jul-11-26 08:08:24 PDT","Hats","52365","","","Pre-owned - Good","","","","","","US","","",""
"267247251775",Teens Adjustable Blue and White Striped Railroad Engineer Train Conductor Hat,,,"1","FIXED_PRICE","USD",15.0,,,15.0,"0","","","May-11-25 08:15:26 PDT","Jul-11-26 08:15:26 PDT","Hats","52365","","","Pre-owned - Good","","","","","","US","751710500808","",""
"267247420603",Adidas Hat Cap StrapBack Black Front Patch Logo Embroidered OSFA,,,"1","FIXED_PRICE","USD",15.0,,,15.0,"0","","","May-11-25 11:39:01 PDT","Jul-11-26 11:39:01 PDT","Hats","52365","","","Pre-owned - Good","","","","","","US","","",""
"267247423137",Adidas Hat Cap Strap Back Embroidered Spell Out Distressed Faded OSFM,,,"1","FIXED_PRICE","USD",15.0,,,15.0,"0","0","0","May-11-25 11:42:13 PDT","Jul-11-26 11:42:13 PDT","Hats","52365","","","Pre-owned - Good","","","","","","US","","",""
"267247501061",Hello Pumpkin Slideback Hat Gray One Size Adjustable Embroidered Rae Dunn,,,"1","FIXED_PRICE","USD",20.0,,,20.0,"0","","","May-11-25 13:10:58 PDT","Jul-11-26 13:10:58 PDT","Hats","52365","","","Pre-owned - Good","","","","","","US","","",""
"267248370379",Nike Tampa Bay Rays Fitted L-XL Hat MLB Baseball Cap Fan Favorite Logo Blue,,1.40,"1","FIXED_PRICE","USD",25.0,,,25.0,"0","1","0","May-12-25 07:39:18 PDT","Jul-12-26 07:39:18 PDT","Hats","52365","","","Pre-owned - Good","","","","","","US","","",""
"267251890174",Undefeated La Brea Pullover Hoodie Black - Size Small Hoody,,5.99,"1","FIXED_PRICE","USD",60.0,,,60.0,"0","0","0","May-15-25 13:40:26 PDT","Jun-15-26 13:40:26 PDT","Hoodies & Sweatshirts","155183","","","Pre-owned - Good","","","","","","US","","",""
"267251965251",RARE NFL Los Angeles Rams New Era 9fifty Military Snapback Grey Mesh M-L,,4.99,"1","FIXED_PRICE","USD",30.0,,,30.0,"0","","","May-15-25 15:29:50 PDT","Jun-15-26 15:29:50 PDT","Hats","52365","","","Pre-owned - Good","","","","","","US","Does not apply","",""
"267252133053",ARCTIX KIDS CHILD INSULATED SNOW PANTS WITH REINFORCED KNEES AND SEAT WHITE - M,,9.49 c2 299,"1","FIXED_PRICE","USD",35.0,,,35.0,"0","0","","May-15-25 19:11:47 PDT","Jun-15-26 19:11:47 PDT","Snow Pants & Bibs","36261","","","New with tags","","","","","","US","Does not apply","",""
"267252875329",Men's Jos.A.Bank Vintage Brown & Beige Lace Up Saddle Size 9 M,,9.74,"1","FIXED_PRICE","USD",60.0,,,60.0,"0","1","0","May-16-25 11:47:14 PDT","Jun-16-26 11:47:14 PDT","Dress Shoes","53120","","","Pre-owned - Good","","","","","","US","","",""
"267252972062",Vintage Reebok NFL New York Jets Mark Sanchez #6Jersey Size 48.,,,"1","FIXED_PRICE","USD",35.0,,,35.0,"0","1","0","May-16-25 13:24:24 PDT","Jun-16-26 13:24:24 PDT","Football-NFL","206","","","","","","","","","US","","",""
"267253744159",Milwaukee Brewers Fleece Lined Zip Up New Era Blue Sweater Jacket Size M,,6 311 c2,"1","FIXED_PRICE","USD",30.0,,,30.0,"0","1","","May-17-25 09:16:53 PDT","Jun-17-26 09:16:53 PDT","Baseball-MLB","24410","","","Used","","","","","","US","","",""
"267253797758",Taco Bell - Family Is Everything x  It’s A Living Collab Uniform Black Hat Cap,,,"1","FIXED_PRICE","USD",10.0,,,10.0,"0","","","May-17-25 10:35:32 PDT","Jun-17-26 10:35:32 PDT","Hats","52365","","","Pre-owned - Good","","","","","","US","","",""
"267254990568",Patagonia Dress Womens 14 Blue Island Hemp Crossover Organic Cotton Light 58980,,7 e2 323,"1","FIXED_PRICE","USD",35.0,,,35.0,"0","2","0","May-18-25 13:03:32 PDT","Jun-18-26 13:03:32 PDT","Dresses","63861","","","Pre-owned - Excellent","","","","","","US","","",""
"267254997031",Patagonia Women's Iliana Halter Dress Size S Colorful Floral Print Sleeveless,,7 324 e2,"1","FIXED_PRICE","USD",35.0,,,35.0,"0","1","0","May-18-25 13:11:51 PDT","Jun-18-26 13:11:51 PDT","Dresses","63861","","","Pre-owned - Excellent","","","","","","US","","",""
"267255001733",Patagonia Women's Better Sweater Beanie Fleece Lined Cap cream,,7 e2 322,"0","FIXED_PRICE","USD",25.0,,,25.0,"1","1","","May-18-25 13:17:48 PDT","Jun-18-26 13:17:48 PDT","Hats","45230","","","Pre-owned - Good","","","","","","US","","",""
"267255079270",OC Sports Texas Rangers Baseball Cap Adult OSFM Royal Blue Hat Adjustable,,3.99,"1","FIXED_PRICE","USD",25.0,,,25.0,"0","","","May-18-25 15:16:42 PDT","Jun-18-26 15:16:42 PDT","Baseball-MLB","24410","","","Used","","","","","","US","","",""
"267255091281",5.11 Tactical Cargo Shorts Men's 40 Ripstop Fabric Olive Green,,4.99 298 e2,"1","FIXED_PRICE","USD",25.0,,,25.0,"0","","","May-18-25 15:38:06 PDT","Jun-18-26 15:38:06 PDT","Shorts","15689","","","Pre-owned - Good","","","","","","US","","",""
"267255093672","Patagonia Classic Synchilla 1/4 Zip Women's, Navy, Med",,7 326 e2,"1","FIXED_PRICE","USD",40.0,,,40.0,"0","","","May-18-25 15:41:13 PDT","Jun-18-26 15:41:13 PDT","Coats, Jackets & Vests","63862","","","Pre-owned - Good","","","","","","US","","",""
"267255203377","EZink #79 400 printer 7 pack ink (2 black, 2cyan, 2 magenta, 1 ye",,,"0","FIXED_PRICE","USD",15.0,,,15.0,"1","0","0","May-18-25 17:55:06 PDT","Jun-18-26 17:55:06 PDT","Ink Cartridges","16191","","","New","","","","","","US","","",""
"267255206474","Harry Potter and the Half-Blood Prince, 1st U.S. Edition, With Misprints",,,"1","FIXED_PRICE","USD",200.0,,,200.0,"0","","","May-18-25 18:00:38 PDT","Jun-18-26 18:00:38 PDT","Books","261186","","","Very Good","","","","","44462740","US","","","9780439784542"
"267256114618",Yogalicious Lux Everyday Ankle Tight Leggings XS,,327 e2 less 10,"1","FIXED_PRICE","USD",15.0,,,15.0,"0","1","","May-19-25 14:32:11 PDT","Jun-19-26 14:32:11 PDT","Activewear Pants","260954","","","Pre-owned - Excellent","","","","","","US","N/A","",""
"267257078451",Nike Oregon Ducks Jacket Mens Medium M Grey Full Zip Bomber College Logo,,14.44 c2 317,"1","FIXED_PRICE","USD",70.0,,,70.0,"0","5","0","May-20-25 12:39:10 PDT","Jun-20-26 12:39:10 PDT","College-NCAA","24541","","","New","","","","","","US","","",""
"267257110292",Iron Maiden THE NUMBER OF THE BEAST Men's T-Shirt Size: Large Y2K,,8 314 e2,"1","FIXED_PRICE","USD",30.0,,,30.0,"0","","","May-20-25 13:31:35 PDT","Jun-20-26 13:31:35 PDT","T-Shirts","15687","","","New with tags","","","","","","US","N/A","",""
"267258442912",Detroit Pistons Youth Adidas Snapback Hat Cap.,,,"1","FIXED_PRICE","USD",15.0,,,15.0,"0","","","May-21-25 17:14:05 PDT","Jun-21-26 17:14:05 PDT","Basketball-NBA","24442","","","New","","","","","","US","","",""
"267258678556",Tampa Bay Devil Rays Hat Cap Adult Blue MLB Snapback Snowflakes Pom Holiday,,,"1","FIXED_PRICE","USD",15.0,,,15.0,"0","","","May-21-25 22:29:28 PDT","Jun-21-26 22:29:28 PDT","Baseball-MLB","24410","","","Used","","","","","","US","Does not apply","",""
"267258684168",Men's Adjustable Snap Hawaiin Tropical Flat Brim Palm Tree Hat Cap,,1.4,"1","FIXED_PRICE","USD",15.0,,,15.0,"0","","","May-21-25 22:42:25 PDT","Jun-21-26 22:42:25 PDT","Hats","52365","","","Pre-owned - Good","","","","","","US","","",""
"267261696381",Size 3.5Y - Nike Air Max 97 City Special - Los Angeles DH0148-800,,15,"1","FIXED_PRICE","USD",45.0,,,45.0,"0","4","","May-24-25 17:21:00 PDT","Jun-24-26 17:21:00 PDT","Unisex Kids' Shoes","155202","","","Pre-owned - Good","","","","","","US","","",""
"267262343238",Nike Boys LeBron 19 DD0418-412 White Basketball Shoes Sneakers Size 6.5,,,"1","FIXED_PRICE","USD",45.0,,,45.0,"0","","","May-25-25 08:14:37 PDT","Jun-25-26 08:14:37 PDT","Boys' Shoes","57929","","","Pre-owned - Good","","","","","","US","","",""
"267263111590",Salewa Damen  Wanderschuhe Fire Tail  Alpinextrem Sz 8,,,"1","FIXED_PRICE","USD",60.0,,,60.0,"0","1","0","May-25-25 23:32:57 PDT","Jun-25-26 23:32:57 PDT","Women's","181393","","","Pre-owned","","","","","","US","","",""
"267263140676",NEMF New England Motor Freight Trucking Adjustable Hat Cap Gray Black,,,"1","FIXED_PRICE","USD",15.0,,,15.0,"0","","","May-26-25 00:24:05 PDT","Jun-26-26 00:24:05 PDT","Hats","52365","","","Pre-owned - Good","","","","","","US","","",""
"267263144566",Mushroom Slideback Hat Gray One Size Embroidered Adjustable,,,"1","FIXED_PRICE","USD",15.0,,,15.0,"0","","","May-26-25 00:31:35 PDT","Jun-26-26 00:31:35 PDT","Hats","52365","","","Pre-owned - Good","","","","","","US","","",""
"267263146641",Smirnoff Pink Lemonade Womens Adjustable Baseball Cap Hat,,,"1","FIXED_PRICE","USD",15.0,,,15.0,"0","","","May-26-25 00:34:50 PDT","Jun-26-26 00:34:50 PDT","Hats","45230","","","Pre-owned - Good","","","","","","US","","",""
"267263151203",Baseball Cap Brain Embroidery Dad Hat  Art Novelty Urban Outfitters ,,,"1","FIXED_PRICE","USD",15.0,,,15.0,"0","0","0","May-26-25 00:38:46 PDT","Jun-26-26 00:38:46 PDT","Hats","52365","","","Pre-owned - Good","","","","","","US","","",""
"267263180546",Mama Bear Adjustable Baseball  Cap Hat dad,,,"1","FIXED_PRICE","USD",15.0,,,15.0,"0","","","May-26-25 00:59:11 PDT","Jun-26-26 00:59:11 PDT","Hats","45230","","","Pre-owned - Good","","","","","","US","","",""
"267267473232",Original Sony 4.5V 1000mA Power Adaptor AC-E45A US for Walkman CD World Voltage,,,"1","FIXED_PRICE","USD",50.0,,,50.0,"0","1","","May-28-25 19:48:20 PDT","Jun-28-26 19:48:20 PDT","Chargers & Cradles","124270","","","New","","","","","","US","","",""
"267267564305",Yamaha RX-V2400 AM FM Surround Receiver Multi-Zone Phono Input Video Switching,,,"1","FIXED_PRICE","USD",200.0,,,200.0,"0","4","0","May-28-25 21:31:00 PDT","Jun-28-26 21:31:00 PDT","Receivers","14981","","","Used","","","","","","US","","",""
"267274348022",Boston USA flag Pink Strap back Dad Hat Baseball Cap Adjustable,,1.4,"1","FIXED_PRICE","USD",15.0,,,15.0,"0","1","","Jun-02-25 10:02:56 PDT","Jul-02-26 10:02:56 PDT","Hats","45230","","","Pre-owned - Good","","","","","","US","","",""
"267274772470",Harley Davidson Motorcycles Los Angeles California Skeleton T-Shirt Size L,,,"1","FIXED_PRICE","USD",50.0,,,50.0,"0","5","0","Jun-02-25 15:18:04 PDT","Jul-02-26 15:18:04 PDT","T-Shirts","15687","","","Pre-owned - Excellent","","","","","","US","","",""
"267274787848","GENUINE Harley Davidson 2XL -Albuquereue, NM - Thunderland  Harley Dealership",,,"1","FIXED_PRICE","USD",35.0,,,35.0,"0","1","","Jun-02-25 15:29:14 PDT","Jul-02-26 15:29:14 PDT","T-Shirts","60222","","","Used","","","","","","US","","",""
"267274790122",Vintage shirt Harley Davidson Las Vegas NV Adult Large Black USA L,,,"1","FIXED_PRICE","USD",25.0,,,25.0,"0","","","Jun-02-25 15:32:57 PDT","Jul-02-26 15:32:57 PDT","T-Shirts","15687","","","Pre-owned - Fair","","","","","","US","","",""
"267274802216",VINTAGE Lee Sport NFL Green Bay Packers T-Shirt Mens XL white Football Spell Out,,,"1","FIXED_PRICE","USD",50.0,,,50.0,"0","","","Jun-02-25 15:45:51 PDT","Jul-02-26 15:45:51 PDT","T-Shirts","15687","","","Pre-owned - Good","","","","","","US","","",""
"267275085229",Brooks Adrenaline GTS 22 Women’s 8 Grey Purple,,,"1","FIXED_PRICE","USD",45.0,,,45.0,"0","0","","Jun-02-25 21:09:27 PDT","Jul-02-26 21:09:27 PDT","Athletic Shoes","95672","","","Pre-owned - Good","","","","","","US","","",""
"267276117884",Vintage Nike Jacket Women's Large Purple Lightweight Windbreaker Vented,,,"1","FIXED_PRICE","USD",30.0,,,30.0,"0","","","Jun-03-25 16:57:07 PDT","Jul-03-26 16:57:07 PDT","Activewear Jackets","185079","","","Pre-owned - Good","","","","","","US","","",""
"267276850561",Dr Martens NWOT 101 Smooth Leather Ankle Boot Sz 5,,40,"1","FIXED_PRICE","USD",100.0,,,100.0,"0","0","","Jun-04-25 08:24:38 PDT","Jul-04-26 08:24:38 PDT","Boots","53557","","","New without box","","","","","","US","","",""
"267277057705",CeraVe Facial Cleanser For Normal To Oily Skin 16 fl oz + PM Moisturizer,,,"1","FIXED_PRICE","USD",25.0,,,25.0,"0","0","","Jun-04-25 12:37:01 PDT","Jul-04-26 12:37:01 PDT","Cleansers & Toners","177765","","","New","","","","","","US","","",""
"267277067530",Under Armour Women's Athletic Fleece Joggers New With Tags,,,"1","FIXED_PRICE","USD",35.0,,,35.0,"0","3","0","Jun-04-25 12:45:58 PDT","Jul-04-26 12:45:58 PDT","Activewear Pants","260954","","","New with tags","","","","","","US","","",""
"267280860113",Levi's Jeans Men 33x32  Blue 501 Button Fly Straight Leg S40196,,,"1","FIXED_PRICE","USD",40.0,,,40.0,"0","","","Jun-06-25 20:17:28 PDT","Jul-06-26 20:17:28 PDT","Jeans","11483","","","Pre-owned - Excellent","","","","","","US","","",""
"267281401360",Vintage Y2K Harley Davidson Relaxed Fit Jeans Mens 33X30 Light Wash,,,"1","FIXED_PRICE","USD",35.0,,,35.0,"0","1","","Jun-07-25 08:06:54 PDT","Jul-07-26 08:06:54 PDT","Jeans","11483","","","Pre-owned - Good","","","","","","US","","",""
"267283373466",Patagonia Mens Line Logo Ridge LoPro Trucker Hat - Ink Black,,,"1","FIXED_PRICE","USD",35.0,,,35.0,"0","4","0","Jun-08-25 11:28:38 PDT","Jul-08-26 11:28:38 PDT","Hats","52365","","","New without tags","","","","","","US","195699452596","",""
"267284636742",Levi's 501 Blue Denim  100% Cotton Button Fly S40196 Straight Mens Size 34x32,,358 e2,"1","FIXED_PRICE","USD",30.0,,,30.0,"0","","","Jun-09-25 08:46:52 PDT","Jul-09-26 08:46:52 PDT","Jeans","11483","","","Pre-owned - Excellent","","","","","","US","Does not apply","",""
"267284638031",NWT Brooks Running Lightweight Packable  Hat Adjustable Cap Red Neon Pink,,,"1","FIXED_PRICE","USD",20.0,,,20.0,"0","","","Jun-09-25 08:50:02 PDT","Jul-09-26 08:50:02 PDT","Hats & Headwear","158918","","","New with tags","","","","","","US","","",""
"267287111754",Chevrolet Corvette Hat Cap Black Adult  Snapback Collectible,,,"1","FIXED_PRICE","USD",30.0,,,30.0,"0","1","0","Jun-11-25 09:26:17 PDT","Jul-11-26 09:26:17 PDT","Hats","52365","","","New with tags","","","","","","US","Does not apply","",""
"267287121225",Cabela’s Hunting Fishing Camo Cap Green Yellow Logo Adjustable Hat,,,"1","FIXED_PRICE","USD",20.0,,,20.0,"0","4","0","Jun-11-25 09:35:29 PDT","Jul-11-26 09:35:29 PDT","Hats","52365","","","Pre-owned - Good","","","","","","US","Does not apply","",""
"267287725129",Truckers Cap Crunch Champro  Snapback Hat,,,"1","FIXED_PRICE","USD",15.0,,,15.0,"0","","","Jun-11-25 22:03:20 PDT","Jul-11-26 22:03:20 PDT","Hats","52365","","","Pre-owned - Good","","","","","","US","","",""
"267287733778",Raising Canes Chicken Fingers Embroidered Slate Black Hat Uniform Employee Cap,,,"1","FIXED_PRICE","USD",15.0,,,15.0,"0","0","","Jun-11-25 22:12:42 PDT","Jul-11-26 22:12:42 PDT","Hats","52365","","","Pre-owned - Good","","","","","","US","Does not apply","",""
"267288515424",LEGO Aqua Raiders Aquaraiders Aquabase Invasion Incomplete Set As Is,,,"0","FIXED_PRICE","USD",150.0,,,150.0,"1","14","0","Jun-12-25 12:05:55 PDT","Jul-12-26 12:05:55 PDT","LEGO (R) Complete Sets & Packs","19006","","","Used","","","","","21053430202","US","0673419092982","",""
"267291922111",VINTAGE Exclusive Women Large Cow Hide Leather Button Up Sweater Hippie Western,,,"1","FIXED_PRICE","USD",150.0,,,150.0,"0","3","0","Jun-15-25 12:49:26 PDT","Jun-15-26 12:49:26 PDT","Dresses","63861","","","Pre-owned - Good","","","","","","US","","",""
"267292085491",Athleta Cabo Beachside Shorts Women 8 Linen White Striped Elastic Waist Pull On,,,"1","FIXED_PRICE","USD",30.0,,,30.0,"0","1","","Jun-15-25 16:22:44 PDT","Jun-15-26 16:22:44 PDT","Activewear Shorts","260955","","","Pre-owned - Excellent","","","","","","US","","",""
"267292087583",Patagonia Mens 2XL Brown Lightweight Button Fishing Shirt,,,"1","FIXED_PRICE","USD",45.0,,,45.0,"0","2","","Jun-15-25 16:28:14 PDT","Jun-15-26 16:28:14 PDT","Casual Button-Down Shirts","57990","","","Pre-owned - Fair","","","","","","US","","",""
"267297649408",Star wars Lego Set 8019 Republic Attack Shuttle as is with 3 Mini Figures,,,"1","FIXED_PRICE","USD",180.0,,,180.0,"0","11","0","Jun-20-25 14:54:33 PDT","Jun-20-26 14:54:33 PDT","LEGO (R) Complete Sets & Packs","19006","","","Used","","","","","","US","","",""
"267302164063",VTG BRIXTON Corduroy Blue Snap Back Adjustable Casual Wear Hat,,,"0","FIXED_PRICE","USD",20.0,,,20.0,"1","0","0","Jun-24-25 21:51:18 PDT","Jun-24-26 21:51:18 PDT","Hats","52365","","","Pre-owned - Good","","","","","","US","Does not apply","",""
"267302165887",Brixton Supply Co Trade Mark Grey Embroidered Snapback Hat,,,"1","FIXED_PRICE","USD",20.0,,,20.0,"0","","","Jun-24-25 21:56:20 PDT","Jun-24-26 21:56:20 PDT","Hats","52365","","","Pre-owned - Good","","","","","","US","","",""
"267307773335",LEGO Star Wars 10198 Tantive IV Ann. Edition Incomplete w/o Minifigs!,,,"1","FIXED_PRICE","USD",160.0,,,160.0,"0","5","0","Jun-29-25 14:39:07 PDT","Jun-29-26 14:39:07 PDT","LEGO (R) Complete Sets & Packs","19006","","","Used","","","","","","US","","",""
"267307814349",Dickies Scrub Top Womens 3XLarge Pink Floral Short Sleeve Medical Uniform NWT,,5,"1","FIXED_PRICE","USD",25.0,,,25.0,"0","","","Jun-29-25 15:56:37 PDT","Jun-29-26 15:56:37 PDT","Tops","105440","","","New with tags","","","","","","US","Does not apply","",""
"267307829714",American Fighter Jeans Men's 28 x 33 Blue Legend SLIM STRAIGHT Embroidered,,7.48,"0","FIXED_PRICE","USD",45.0,,,45.0,"1","2","0","Jun-29-25 16:17:50 PDT","Jun-29-26 16:17:50 PDT","Jeans","11483","","","Pre-owned - Good","","","","","","US","","",""
"267307832877",New Men’s Large / 2XL Pokémon Center 2020 Short Sleeve White T Shirt,,2,"1","FIXED_PRICE","USD",25.0,,,25.0,"0","1","0","Jun-29-25 16:25:07 PDT","Jun-29-26 16:25:07 PDT","T-Shirts","15687","","","New with tags","","","","","","US","","",""
"267308824628",$98 Men Calvin Klein CK Logo Wool Crewneck Classic Holiday Knit Sweater XXL Wine,,9,"1","FIXED_PRICE","USD",45.0,,,45.0,"0","","","Jun-30-25 15:14:04 PDT","Jun-30-26 15:14:04 PDT","Sweaters","11484","","","New with tags","","","","","","US","Does not apply","",""
"267308839735",LEGO 4500 Rebel Snowspeeder Star Wars As Is,,,"0","FIXED_PRICE","USD",45.0,,,45.0,"1","2","0","Jun-30-25 15:31:03 PDT","Jun-30-26 15:31:03 PDT","LEGO (R) Complete Sets & Packs","19006","","","Used","","","","","","US","Does not apply","",""
"267308845734",LEGO 7957 Star Wars - Sith Nightspeeder - INCOMPLETE SHIP ONLY - NO MINI FIGURES,,,"1","FIXED_PRICE","USD",25.0,,,25.0,"0","","","Jun-30-25 15:41:26 PDT","Jun-30-26 15:41:26 PDT","LEGO (R) Complete Sets & Packs","19006","","","Used","","","","","","US","Does not apply","",""
"267308866861",LEGO Star Wars 6209 Slave No Mini Figures as is,,,"1","FIXED_PRICE","USD",120.0,,,120.0,"0","6","0","Jun-30-25 16:23:03 PDT","Jun-30-26 16:23:03 PDT","LEGO (R) Complete Sets & Packs","19006","","","Used","","","","","","US","","",""
"267316022113",LEGO Star Wars: Geonosian Starfighter (7959) as is,,,"1","FIXED_PRICE","USD",50.0,,,50.0,"0","0","","Jul-06-25 21:09:13 PDT","Jul-06-26 21:09:13 PDT","LEGO (R) Complete Sets & Packs","19006","","","Used","","","","","","US","","",""
"267316032950",Brixton Mfg Co. Snapback Trucker Hat Blue OS Adjustable Embroidered,,,"1","FIXED_PRICE","USD",25.0,,,25.0,"0","1","","Jul-06-25 21:19:32 PDT","Jul-06-26 21:19:32 PDT","Hats","52365","","","Pre-owned - Good","","","","","","US","","",""
"267318590531",Oakley Kana 32 Mens Boardshorts Core Camo Swim Beach Quick Dry Stretchy NWT,,6,"0","FIXED_PRICE","USD",35.0,,,35.0,"1","6","0","Jul-08-25 21:05:36 PDT","Jul-08-26 21:05:36 PDT","Swimwear","15690","","","New with tags","","","","","","US","","",""
"267319135885",Teva Tirra Sport Sandals Womens 9 Strappy Black Gray Trail Water Shoc Pad,,,"1","FIXED_PRICE","USD",45.0,,,45.0,"0","1","0","Jul-09-25 08:48:12 PDT","Jul-09-26 08:48:12 PDT","Sandals","62107","","","Pre-owned - Good","","","","","","US","","",""
"267319526512",2009 Mitchell & Ness LA Lakers NBA Champions Hat,,8,"1","FIXED_PRICE","USD",30.0,,,30.0,"0","","","Jul-09-25 16:53:31 PDT","Jul-09-26 16:53:31 PDT","Hats","52365","","","Pre-owned - Good","","","","","","US","","",""
"267319585121",EUC Lululemon Wunder Train High-Rise Black Leggings Womens 8 Activewear,,,"0","FIXED_PRICE","USD",40.0,,,40.0,"1","2","","Jul-09-25 17:45:54 PDT","Jul-09-26 17:45:54 PDT","Activewear Pants","260954","","","Pre-owned - Good","","","","","","US","","",""
"267319630493",Under Armour Womens Motion Fitted High Rise Activewear Training Sports Red Sz M,,8,"0","FIXED_PRICE","USD",40.0,,,40.0,"1","0","","Jul-09-25 18:41:28 PDT","Jul-09-26 18:41:28 PDT","Leggings","169001","","","New with tags","","","","","","US","","",""
"267319691228",Free People Floral Corduroy Pants jeans Casual Everyday Black Womens size 28,,7,"1","FIXED_PRICE","USD",30.0,,,30.0,"0","2","0","Jul-09-25 19:53:15 PDT","Jul-09-26 19:53:15 PDT","Pants","63863","","","Pre-owned - Good","","","","","","US","","",""
"267319757337",Banana Republic Black Puffer Jacket Women's Down Filled  Size XS,,2,"1","FIXED_PRICE","USD",30.0,,,30.0,"0","0","0","Jul-09-25 21:28:03 PDT","Jul-09-26 21:28:03 PDT","Coats, Jackets & Vests","63862","","","Pre-owned - Good","","","","","","US","","",""
"267323378508",Size 2 Lululemon Ready to Crush High-Rise Velour Jogger *Full Length Black EUC,,,"0","FIXED_PRICE","USD",40.0,,,40.0,"1","0","","Jul-12-25 22:24:26 PDT","Jul-12-26 22:24:26 PDT","Activewear Pants","260954","","","Pre-owned - Excellent","","","","","","US","","",""
"267326713367",LEGO Star Wars: Naboo Starfighter (75092) w 4 minifigs almost complete,,,"1","FIXED_PRICE","USD",50.0,,,50.0,"0","3","0","Jul-15-25 17:26:54 PDT","Jun-15-26 17:26:54 PDT","LEGO (R) Complete Sets & Packs","19006","","","Used","","","","","","US","","",""
"267327818275",Vintage camo green Oakley Men’s Shorts Size 32 yellow logo swimming summer,,6,"0","FIXED_PRICE","USD",35.0,,,35.0,"1","0","0","Jul-16-25 14:00:13 PDT","Jun-16-26 14:00:13 PDT","Shorts","15689","","","New without tags","","","","","","US","","",""
"267331445364",EUC Lululemon Enlite Bra *Zip Front Incognito Leopard Camo Multi Grey Bra 38C,,12,"0","FIXED_PRICE","USD",35.0,,,35.0,"1","5","","Jul-18-25 13:50:29 PDT","Jun-18-26 13:50:29 PDT","Sports Bras","185083","","","Pre-owned - Excellent","","","","","","US","Does not apply","",""
"267333519667","$tb Caps camo Hat, Adjustable, trucker adjustable",,,"1","FIXED_PRICE","USD",12.0,,,12.0,"0","","","Jul-19-25 17:50:25 PDT","Jun-19-26 17:50:25 PDT","Hats","52365","","","New without tags","","","","","","US","","",""
"267333538900",NWT No Boundaries Men's Black Gray Tie Dye Baseball Cap Hat One Size,,,"1","FIXED_PRICE","USD",15.0,,,15.0,"0","1","0","Jul-19-25 18:00:30 PDT","Jun-19-26 18:00:30 PDT","Hats","45230","","","New with tags","","","","","","US","","",""
"267333568204",Raising Canes Chicken Fingers Black Employee Uniform Adjustable Hat One Love Cap,,,"1","FIXED_PRICE","USD",15.0,,,15.0,"0","1","0","Jul-19-25 18:19:59 PDT","Jun-19-26 18:19:59 PDT","Hats","52365","","","Pre-owned - Good","","","","","","US","","",""
"267333578229",FAR I apparel Golf Hat Snap Back Adjustable Gray 110 One Ten Flexfit Men’s Hat,,,"1","FIXED_PRICE","USD",11.0,,,11.0,"0","","","Jul-19-25 18:28:37 PDT","Jun-19-26 18:28:37 PDT","Golf Visors & Hats","158937","","","Pre-owned","","","","","","US","","",""
"267336821508",Lululemon Align Long Sleeve Shirt Crop Top pink Womens 10 Nulu,,,"0","FIXED_PRICE","USD",29.0,,,29.0,"1","3","0","Jul-21-25 11:07:43 PDT","Jun-21-26 11:07:43 PDT","Activewear Tops","185082","","","Pre-owned - Excellent","","","","","","US","","",""
"267342835576",Empyre Corduroy Skate Pants Men's Size 30 X 27 Baggy Y2K Black Relaxed Loose Fit,,11,"1","FIXED_PRICE","USD",25.0,,,25.0,"0","1","0","Jul-25-25 17:27:35 PDT","Jun-25-26 17:27:35 PDT","Pants","57989","","","Pre-owned - Good","","","","","","US","","",""
"267342839042",Vintage 90s Y2K Empyre Jeans Sz 30 Wide Baggy Embroider Logo Graphic Black,,11,"0","FIXED_PRICE","USD",30.0,,,30.0,"1","3","0","Jul-25-25 17:31:38 PDT","Jun-25-26 17:31:38 PDT","Jeans","11483","","","Pre-owned - Good","","","","","","US","","",""
"267347006052",LEGO Harry Potter: Hogwarts and ground sSet # 76419 - complete w display case,,,"1","FIXED_PRICE","USD",200.0,,,200.0,"0","3","0","Jul-29-25 12:06:57 PDT","Jun-29-26 12:06:57 PDT","LEGO (R) Complete Sets & Packs","19006","","","Used","","","","","","US","","",""
"267348110119",Mens Red Mitchell & Ness NBA Reverse grinch Candy Apple HWC Lakers,,10,"0","FIXED_PRICE","USD",30.0,,,30.0,"1","0","0","Jul-30-25 12:29:45 PDT","Jun-30-26 12:29:45 PDT","Hats","52365","","","New without tags","","","","","","US","195563912775","",""
"267350893326",Vuori Stride High Rise Leggings Women’s X-large Side Pocket Zipper Blue EUC,,,"1","FIXED_PRICE","USD",40.0,,,40.0,"0","","","Aug-01-25 16:14:03 PDT","Jul-01-26 16:14:03 PDT","Activewear Pants","260954","","","Pre-owned - Excellent","","","","","","US","","",""
"267351835731",Looney Tunes Tasmanian Devil Sports Theme Necktie Taz Baseball Hockey Football,,2.60,"1","FIXED_PRICE","USD",25.0,,,25.0,"0","","","Aug-02-25 13:01:59 PDT","Jul-02-26 13:01:59 PDT","Ties","15662","","","Pre-owned - Good","","","","","","US","","",""
"267351858880",LEGO Harry Potter: 4 Privet Drive (75968) RETIRED - NO minifigures/as-is,,,"1","FIXED_PRICE","USD",35.0,,,35.0,"0","2","0","Aug-02-25 13:26:34 PDT","Jul-02-26 13:26:34 PDT","LEGO (R) Complete Sets & Packs","19006","","","Used","","","","","27042030029","US","0673419317900","",""
"267351862756",LEGO 21058 - The Great Pyramid of Giza - Complete with Manual and case - No Box,,,"1","FIXED_PRICE","USD",150.0,,,150.0,"0","","","Aug-02-25 13:33:40 PDT","Jul-02-26 13:33:40 PDT","LEGO (R) Complete Sets & Packs","19006","","","Used","","","","","","US","","",""
"267351866854",LEGO Architecture Himeji Castle 21060 Pre owned w case.As-is,,,"1","FIXED_PRICE","USD",190.0,,,190.0,"0","","","Aug-02-25 13:39:37 PDT","Jul-02-26 13:39:37 PDT","LEGO (R) Complete Sets & Packs","19006","","","Used","","","","","","US","","",""
"267351986927",Lululemon- Women's All The Right Places full length Leggings Dark Olive - Sz. 4,,,"0","FIXED_PRICE","USD",35.0,,,35.0,"1","0","","Aug-02-25 15:03:49 PDT","Jul-02-26 15:03:49 PDT","Leggings","169001","","","Pre-owned - Excellent","","","","","","US","","",""
"267354435384",Joiedomi Cute Wicked Ghost Inflatable (5 ft) - Enchanting Halloween Decor,,,"1","FIXED_PRICE","USD",40.0,,,40.0,"0","","","Aug-04-25 14:58:49 PDT","Jul-04-26 14:58:49 PDT","Yard Décor","261649","","","Used","","","","","","US","","",""
"267359638867",Blue Hoka Challenger ATR 7 -- Women's Trail Running Shoes -- SIZE 10B,,,"0","FIXED_PRICE","USD",49.99,,,49.99,"1","2","0","Aug-10-25 18:00:01 PDT","Jul-10-26 18:00:01 PDT","Athletic Shoes","95672","","","Pre-owned - Good","","","","","","US","","",""
"267361036460",Columbia Gate Racer Jacket Men’s XXL Blue Softshell Insulated Removable Hood,,15,"1","FIXED_PRICE","USD",50.0,,,50.0,"0","1","0","Aug-12-25 18:00:01 PDT","Jul-12-26 18:00:01 PDT","Coats, Jackets & Vests","57988","","","Pre-owned - Excellent","","","","","","US","","",""
"267362153551",Empyre Pants Mens 30 Corduroy Relaxed Fit Straight Leg Retro Skater Y2k,,7.50,"1","FIXED_PRICE","USD",29.95,,,29.95,"0","","","Aug-15-25 18:00:01 PDT","Jun-15-26 18:00:01 PDT","Pants","57989","","","Pre-owned - Good","","","","","","US","","",""
"267362990400",Lucky Brand Jeans women 4/27 Charlie Baby Boot Dark Wash Blue Denim MSRP $99,,9,"1","FIXED_PRICE","USD",35.0,,,35.0,"0","","","Aug-15-25 18:00:01 PDT","Jun-15-26 18:00:01 PDT","Jeans","11554","","","Pre-owned - Good","","","","","","US","","",""
"267366661931",LEGO Star Wars Hoth AT-ST! Retired- As Is,,,"1","FIXED_PRICE","USD",45.0,,,45.0,"0","5","0","Aug-17-25 18:00:01 PDT","Jun-17-26 18:00:01 PDT","LEGO (R) Complete Sets & Packs","19006","","","Used","","","","","","US","","",""
"267366722418","Luxury-Inspired Leather Handbag – Gold Hardware, Elegant Top Handle,Fer",,20,"1","FIXED_PRICE","USD",40.0,,,40.0,"0","7","0","Aug-13-25 20:07:09 PDT","Jul-13-26 20:07:09 PDT","Women's Bags & Handbags","169291","","","Pre-owned - Good","","","","","","US","Does not apply","",""
"267367705645",LEGO Star Wars: Snowspeeder (75049),,,"1","FIXED_PRICE","USD",45.0,,,45.0,"0","3","0","Aug-18-25 18:00:01 PDT","Jun-18-26 18:00:01 PDT","LEGO (R) Complete Sets & Packs","19006","","","Used","","","","","","US","0673419210126","",""
"267368913208",LEGO Star Wars: Naboo Starfighter (75092) as is,,,"1","FIXED_PRICE","USD",65.0,,,65.0,"0","1","0","Aug-23-25 18:00:01 PDT","Jun-23-26 18:00:01 PDT","LEGO (R) Complete Sets & Packs","19006","","","Used","","","","","","US","","",""
"267369708414",Joe’s Jeans 25 Women’s The Luna High Rise Cigarette Ankle Stripe Multi Color,,8,"1","FIXED_PRICE","USD",50.0,,,50.0,"0","1","","Aug-20-25 18:00:01 PDT","Jun-20-26 18:00:01 PDT","Jeans","11554","","","New without tags","","","","","","US","","",""
"267370165691",Star Wars Lego Set #75233 Droid Gunship Ship only  as is,,,"1","FIXED_PRICE","USD",85.0,,,85.0,"0","1","0","Aug-20-25 18:00:01 PDT","Jun-20-26 18:00:01 PDT","LEGO (R) Complete Sets & Packs","19006","","","Used","","","","","","US","","",""
"267370178219",LEGO STAR WARS MINI 8031 V-19 TORRENT as is,,,"1","FIXED_PRICE","USD",40.0,,,40.0,"0","0","0","Aug-20-25 18:00:01 PDT","Jun-20-26 18:00:01 PDT","LEGO (R) Complete Sets & Packs","19006","","","Used","","","","","","US","","",""
"267370767052",Lucky Brand Jeans Men 40x32 Blue Medium Wash Cotton Stretch 363 Vintage Straight,,2,"1","FIXED_PRICE","USD",30.0,,,30.0,"0","","","Aug-21-25 18:00:01 PDT","Jun-21-26 18:00:01 PDT","Jeans","11483","","","Pre-owned - Fair","","","","","","US","","",""
"267370772964",Lucky Brand Jeans Men's Size 40x32 Blue Dark Wash 363 Straight,,2,"1","FIXED_PRICE","USD",30.0,,,30.0,"0","","","Aug-21-25 18:00:01 PDT","Jun-21-26 18:00:01 PDT","Jeans","11483","","","Pre-owned - Fair","","","","","","US","","",""
"267372168440",LEGO Star Wars Bounty Hunter Assault Gunship 7930 Built Set As Is,,,"0","FIXED_PRICE","USD",65.0,,,65.0,"1","2","0","Aug-23-25 18:00:01 PDT","Jun-23-26 18:00:01 PDT","LEGO (R) Complete Sets & Packs","19006","","","Used","","","","","","US","","",""
"267373257853","Oakley Sutro Sunglasses Matte Black Prizm Road Lens, 0009406",,79,"1","FIXED_PRICE","USD",135.0,,,135.0,"0","4","0","Aug-19-25 14:37:14 PDT","Jun-19-26 14:37:14 PDT","Sunglasses","79720","","","New with tags","","","","","","US","","",""
"267380399595",Levi's Made & Crafted TACK SLIM 05081-0104 VINTAGE 31,,,"1","FIXED_PRICE","USD",95.0,,,95.0,"0","","","Aug-27-25 18:00:01 PDT","Jun-27-26 18:00:01 PDT","Jeans","11483","","","Pre-owned - Excellent","","","","","","US","","",""
"267380548805",Star Wars - A Pop Up Guide to the Galaxy - Matthew Reinhart Hard Cover Book,,,"1","FIXED_PRICE","USD",40.0,,,40.0,"0","0","","Aug-28-25 18:00:01 PDT","Jun-28-26 18:00:01 PDT","Books","8677","","","Used","","","","","","US","","",""
"267381099471",Minecraft Creeper Backpack- Gray/Green FREE SHIPPING,,7.5,"1","FIXED_PRICE","USD",29.95,,,29.95,"0","0","","Aug-26-25 10:35:08 PDT","Jun-26-26 10:35:08 PDT","Backpacks & Bags","260988","","","New with tags","","","","","","US","","",""
"267381101830",Overland Gray Heavy duty workers Jacket  Sz Med,,9,"1","FIXED_PRICE","USD",134.99,,,134.99,"0","0","0","Aug-28-25 18:00:01 PDT","Jun-28-26 18:00:01 PDT","Coats, Jackets & Vests","57988","","","Pre-owned - Excellent","","","","","","US","","",""
"267381121247",Nike Oregon Ducks Hoodie Jacket Black Yellow  Long Sleeve Therma Fit 2XL,,7.5,"1","FIXED_PRICE","USD",54.95,,,54.95,"0","3","","Aug-29-25 18:00:01 PDT","Jun-29-26 18:00:01 PDT","College-NCAA","24541","","","Used","","","","","","US","Does not apply","",""
"267381145460",RARE Paige Dark Denim jeans Pockets Wide Leg Denim In Charmaine Size 25,,7.99,"1","FIXED_PRICE","USD",79.95,,,79.95,"0","2","0","Aug-29-25 18:00:01 PDT","Jun-29-26 18:00:01 PDT","Jeans","11554","","","Pre-owned - Excellent","","","","","","US","","",""
"267384383511",MOERDENG Kid's Ski Jacket Waterproof Winter Coat  with Detachable Hood,,8,"1","FIXED_PRICE","USD",35.0,,,35.0,"0","","","Aug-31-25 18:00:01 PDT","Jun-30-26 18:00:01 PDT","Coats, Jackets & Vests","26346","","","Pre-owned","","","","","","US","","",""
"267386713328",King Carts Snapback Baseball Truckers Mesh Cap Black One Size,,,"1","FIXED_PRICE","USD",15.0,,,15.0,"0","","","Aug-31-25 18:00:01 PDT","Jun-30-26 18:00:01 PDT","Hats","52365","","","New without tags","","","","","","US","","",""
"267386714787",Easterm Living Snapback Baseball Cap Black One Size,,,"1","FIXED_PRICE","USD",15.0,,,15.0,"0","","","Aug-31-25 18:00:01 PDT","Jun-30-26 18:00:01 PDT","Hats","52365","","","Pre-owned - Good","","","","","","US","","",""
"267386716351",Wheat Vodka Snapback Baseball Truckers Mesh Cap White One Size,,,"1","FIXED_PRICE","USD",15.0,,,15.0,"0","","","Sep-01-25 18:00:01 PDT","Jul-01-26 18:00:01 PDT","Hats","52365","","","Pre-owned - Good","","","","","","US","","",""
"267386717554",King Fish Snapback Baseball Truckers Mesh Cap Orange  One Size,,,"1","FIXED_PRICE","USD",15.0,,,15.0,"0","","","Sep-01-25 18:00:01 PDT","Jul-01-26 18:00:01 PDT","Hats","52365","","","Pre-owned - Good","","","","","","US","","",""
"267386718971",080 Oso Brown Music Adult Adjustable Baseball Hat Cap One Size,,,"1","FIXED_PRICE","USD",15.0,,,15.0,"0","1","0","Sep-02-25 14:00:01 PDT","Jul-02-26 14:00:01 PDT","Hats","52365","","","Pre-owned - Good","","","","","","US","","",""
"267386728325",Joe’s Jeans Hoodie Sweatshirt Sz 7 (XL) Black Faux Fur Lined Full Zip Up EXC,,3.20,"1","FIXED_PRICE","USD",20.0,,,20.0,"0","","","Sep-02-25 18:00:01 PDT","Jul-02-26 18:00:01 PDT","Sweatshirts & Hoodies","57916","","","Pre-owned - Good","","","","","","US","","",""
"267389151004",LA Clippers Red Hat Leather Bill NBA Pro Standard Leather Strapback Cap,,8,"1","FIXED_PRICE","USD",45.0,,,45.0,"0","1","","Sep-06-25 18:00:01 PDT","Jul-06-26 18:00:01 PDT","Men's Hats","163619","","","Pre-owned","","","","","","US","","",""
"267389430995",Pendleton Snapback Hat Black twill cap Logo Classic Yupoong baseball 100% cotton,,,"1","FIXED_PRICE","USD",24.95,,,24.95,"0","1","","Sep-08-25 18:00:01 PDT","Jul-08-26 18:00:01 PDT","Hats","52365","","","Pre-owned - Good","","","","","","US","","",""
"267390020153",Unopend Vintage Swingline See Through Stapler Electronic Stapling Machine,,,"1","FIXED_PRICE","USD",39.95,,,39.95,"0","2","","Sep-09-25 18:00:01 PDT","Jul-09-26 18:00:01 PDT","Staplers","113752","","","New","","","","","","US","0074711211031","",""
"267391522663",Birkenstock Arizona EVA Active Red 1017997 Mens size 11,,24,"1","FIXED_PRICE","USD",54.95,,,54.95,"0","0","","Sep-04-25 18:00:01 PDT","Jul-04-26 18:00:01 PDT","Sandals","11504","","","New with box","","","","","","US","822698469248","",""
"267396215034","Monstera Thai Constellation, 4 inch, Variegated Deliciosa Rare Swiss Cheese Plan",,,"0","FIXED_PRICE","USD",35.0,,,35.0,"2","2","0","Sep-08-25 10:55:49 PDT","Jul-08-26 10:55:49 PDT","Plants & Seedlings","19617","","","","","","","","","US","Does Not Apply","",""
"267400909561",Nike Vapor Edgr Pro 360 2 Football Cleats Black Volt FB8443-703 Men's Size 11.5,,22,"1","FIXED_PRICE","USD",75.0,,,75.0,"0","1","","Sep-13-25 18:00:01 PDT","Jul-13-26 18:00:01 PDT","Men","159116","","","New without box","","","","","","US","Does not apply","",""
"267400913306",Red 2002 World Series Hat Anaheim Angels San Francisco Giants,,7.19,"1","FIXED_PRICE","USD",28.0,,,28.0,"0","2","0","Sep-15-25 18:00:01 PDT","Jun-15-26 18:00:01 PDT","Baseball-MLB","24410","","","Used","","","","","","US","","",""
"267401301814",Size 7.5B W - Hoka One One Mach 5 Women's - 1127894-ICYC,,25,"1","FIXED_PRICE","USD",49.99,,,49.99,"0","3","0","Sep-16-25 18:00:01 PDT","Jun-16-26 18:00:01 PDT","Athletic Shoes","95672","","","Pre-owned - Good","","","","","","US","","",""
"267405935329","Legoland California Reusable Shopping Bag Navy Blue 20.5""X24”",,,"1","FIXED_PRICE","USD",19.95,,,19.95,"0","0","","Sep-22-25 18:00:01 PDT","Jun-22-26 18:00:01 PDT","LEGO (R) Storage & Display","263015","","","Used","","","","","","US","Does not apply","",""
"267405972463",Rag & Bone Fit 3 Athletic Jeans Mens Size 32 Black Straight Leg Stretch,,,"0","FIXED_PRICE","USD",44.45,,,44.45,"1","1","","Sep-24-25 18:00:00 PDT","Jun-24-26 18:00:00 PDT","Jeans","11483","","","Pre-owned - Good","","","","","","US","","",""
"267405983447",Blue kids Columbia waterproof Rain Jacket Large (14/16 years),,,"1","FIXED_PRICE","USD",29.95,,,29.95,"0","0","","Sep-25-25 18:00:00 PDT","Jun-25-26 18:00:00 PDT","Outerwear","155201","","","Pre-owned - Excellent","","","","","","US","","",""
"267405985455",Spyder Kids Black Zip-up Jacket With Red Accents Size Large 14/16,,,"1","FIXED_PRICE","USD",29.99,,,29.99,"0","","","Sep-26-25 18:00:00 PDT","Jun-26-26 18:00:00 PDT","Outerwear","51933","","","Pre-owned - Good","","","","","","US","","",""
"267405988276",ERMENEGILDO ZEGNA Blazer Mens 50L Black Wool 100% Sport Coat Pinstripe Jacket,,,"1","FIXED_PRICE","USD",79.95,,,79.95,"0","","","Sep-26-25 18:00:00 PDT","Jun-26-26 18:00:00 PDT","Suits & Suit Separates","3001","","","Pre-owned - Good","","","","","","US","","",""
"267409246128",Carhartt Beanie Hat Mens One Size Brown Knit Cap Made In USA,,,"1","FIXED_PRICE","USD",15.0,,,15.0,"0","","","Sep-27-25 18:00:01 PDT","Jun-27-26 18:00:01 PDT","Hats","52365","","","Pre-owned - Excellent","","","","","","US","","",""
"267410130063",Hoka One One Clifton 8 Women's size 7.5 Blue Running Gym Sneakers,,,"1","FIXED_PRICE","USD",45.0,,,45.0,"0","","","Sep-20-25 11:07:36 PDT","Jun-20-26 11:07:36 PDT","Athletic Shoes","95672","","","Pre-owned - Good","","","","","","US","","",""
"267411120392",Lakers Shooting Shirt Mens Med Warm Up NBA LA Los Angeles,,2.75,"1","FIXED_PRICE","USD",24.95,,,24.95,"0","","","Sep-21-25 18:00:01 PDT","Jun-21-26 18:00:01 PDT","Basketball-NBA","24442","","","Used","","","","","","US","","",""
"267411122750",San Diego Padres New Era Official on Field Fitted Baseball Hat Cap - Size 7,,4,"1","FIXED_PRICE","USD",24.95,,,24.95,"0","","","Sep-22-25 18:00:01 PDT","Jun-22-26 18:00:01 PDT","Baseball-MLB","24410","","","Used","","","","","","US","","",""
"267411140848",Kate Spade How Refreshing Neda Pineapple Wallet Style New With Tags,,25,"1","FIXED_PRICE","USD",99.95,,,99.95,"0","2","0","Sep-21-25 11:21:00 PDT","Jun-21-26 11:21:00 PDT","Wallets","45258","","","New with tags","","","","","","US","","",""
"267411304182",Nov 1978 American cinematographer (vintage movie magazine)  Wiz Michael Jackson,,2,"1","FIXED_PRICE","USD",29.95,,,29.95,"0","2","0","Sep-25-25 18:00:01 PDT","Jun-25-26 18:00:01 PDT","Other Paper Collectibles","125","","","Used","","","","","","US","","",""
"267411315077",Oakley OX 1135-0152 Gray authentic eyeglasses RX frame,,,"1","FIXED_PRICE","USD",39.95,,,39.95,"0","0","0","Sep-26-25 18:00:01 PDT","Jun-26-26 18:00:01 PDT","Eyeglass Frames","180957","","","Pre-owned","","","","","","US","Does not apply","",""
"267415760692",Nike Jordan Utility Cargo Pants WMNS Schwarz XS DD0280 010,,9,"1","FIXED_PRICE","USD",49.95,,,49.95,"0","1","0","Sep-27-25 18:00:01 PDT","Jun-27-26 18:00:01 PDT","Pants","63863","","","Pre-owned - Good","","","","","","US","","",""
"267415764782",Nike 3 Brand Med Youth Tan Hoodie,,2.79,"1","FIXED_PRICE","USD",19.95,,,19.95,"0","","","Sep-27-25 18:10:01 PDT","Jun-27-26 18:10:01 PDT","Sweatshirts & Hoodies","57916","","","Pre-owned - Good","","","","","","US","","",""
"267415780774",Vintage 1981 DAZZLE BLAZE HORSE by MATTEL  NRFB,,2,"1","FIXED_PRICE","USD",24.99,,,24.99,"0","0","0","Sep-28-25 18:15:01 PDT","Jun-28-26 18:15:01 PDT","Dolls & Doll Playsets","262346","","","New","","","","","","US","Does not apply","",""
"267417067134","Kate Spade Medium Cream Handbag – Elegant Sophisticated Style, Classic Tote Purs",,40,"1","FIXED_PRICE","USD",50.0,,,50.0,"0","3","0","Sep-26-25 20:51:27 PDT","Jun-26-26 20:51:27 PDT","Women's Bags & Handbags","169291","","","Pre-owned - Good","","","","","","US","","",""
"267417126821",Air Jordan 4 Bred Reimagined Size 10 Brand new authentic,,240,"1","FIXED_PRICE","USD",300.0,,,300.0,"0","","","Sep-26-25 21:56:08 PDT","Jun-26-26 21:56:08 PDT","Athletic Shoes","15709","","","New with box","","","","","","US","","",""
"267417140722",Air Jordan 3 Retro Wolf Grey Size 10 Pre-Owned 136064-004,,,"1","FIXED_PRICE","USD",150.0,,,150.0,"0","3","0","Sep-26-25 22:11:16 PDT","Jun-26-26 22:11:16 PDT","Athletic Shoes","15709","","","Pre-owned - Good","","","","","","US","","",""
"267419459590",1959 Mid Century Hellenistic Bust of Asklepios by Alva Studios,,5,"1","FIXED_PRICE","USD",199.95,,,199.95,"0","6","0","Sep-30-25 18:00:01 PDT","Jun-30-26 18:00:01 PDT","Art Sculptures","553","","","Used","","","","","","US","Does not apply","",""
"267419465507",Nike Roshe Run One Shoes Running Iguana Black Sail 511881-201 Mens Size 10,,,"1","FIXED_PRICE","USD",49.95,,,49.95,"0","1","","Sep-30-25 18:00:01 PDT","Jun-30-26 18:00:01 PDT","Athletic Shoes","15709","","","Pre-owned - Fair","","","","","","US","675911226476","",""
"267419473452",Brooks Revel 6 Men's Size 10 Running Shoes Black White,,,"1","FIXED_PRICE","USD",49.95,,,49.95,"0","0","0","Oct-01-25 18:00:01 PDT","Jul-01-26 18:00:01 PDT","Athletic Shoes","15709","","","Pre-owned - Fair","","","","","","US","","",""
"267419557420",Vintage Apex One Proline Dallas Cowboys Pullover Hooded Coat Jacket XL,,50,"1","FIXED_PRICE","USD",139.95,,,139.95,"0","1","0","Sep-29-25 18:00:00 PDT","Jun-29-26 18:00:00 PDT","Football-NFL","206","","","Used","","","","","","US","Does Not Apply","",""
"267420570980",Italian Rare Capodimonte Napoleon on horse figurine statue Made In Italy ,,,"1","FIXED_PRICE","USD",299.95,,,299.95,"0","7","0","Oct-02-25 18:00:01 PDT","Jul-02-26 18:00:01 PDT","Sculptures & Figurines","261628","","","Used","","","","","","US","","",""
"267421400513",Agave Jeans Mens  36X35 Blue Gringo Tuscan Corduroy Classic Straight USA 12-742,,,"1","FIXED_PRICE","USD",39.95,,,39.95,"0","1","","Oct-03-25 18:00:01 PDT","Jul-03-26 18:00:01 PDT","Jeans","11483","","","Pre-owned - Good","","","","","","US","","",""
"267421409275",VANS Pants Mens 29 Black Chino Straight Loose Fit Pockets Casual Baggy Skater,,,"1","FIXED_PRICE","USD",34.95,,,34.95,"0","1","","Oct-03-25 18:00:01 PDT","Jul-03-26 18:00:01 PDT","Pants","57989","","","New without tags","","","","","","US","","",""
"267421418493",Vintage Nike Jacket Men's Size Med Black Zip Gray Tag Y2K Swoosh 90s,,,"1","FIXED_PRICE","USD",34.95,,,34.95,"0","","","Oct-04-25 18:00:01 PDT","Jul-04-26 18:00:01 PDT","Coats, Jackets & Vests","57988","","","Pre-owned - Good","","","","","","US","","",""
"267421429899",Nike Sweatshirt Archive Women’s L 1/4 Zip Pullover Spell Out Logo Red Tag,,2.50,"1","FIXED_PRICE","USD",24.95,,,24.95,"0","","","Oct-04-25 18:00:01 PDT","Jul-04-26 18:00:01 PDT","Hoodies & Sweatshirts","155226","","","Pre-owned - Fair","","","","","","US","","",""
"267421687578",MAGIC JOHNSON - 1989 Hoops - MINT #270 *great condition* HOF L.A Lakers 🔥,,,"1","FIXED_PRICE","USD",9.99,,,9.99,"0","","","Oct-05-25 17:30:01 PDT","Jul-05-26 17:30:01 PDT","Trading Card Singles","261328","","","Ungraded","","","","Near mint or better","","US","","",""
"267426463882",Hoka one M Arahi 4 1106473 Size 12 wide Majolica Blue,,S3-1,"0","FIXED_PRICE","USD",45.0,,,45.0,"1","3","0","Oct-04-25 17:28:17 PDT","Jul-04-26 17:28:17 PDT","Athletic Shoes","15709","","","Pre-owned - Good","","","","","","US","","",""
"267433214649",Los Angeles Dodgers Hat Cap Mens Sz S Blue OC Sports MLB LA,,,"1","FIXED_PRICE","USD",24.0,,,24.0,"0","","","Oct-11-25 07:30:01 PDT","Jul-11-26 07:30:01 PDT","Baseball-MLB","24410","","","Used","","","","","","US","","",""
"267433219822",San Diego Padres 7 1/8 MLB Brown Men's Collection 59FIFTY Fitted Cap Hat,,,"1","FIXED_PRICE","USD",25.0,,,25.0,"0","","","Oct-11-25 07:31:01 PDT","Jul-11-26 07:31:01 PDT","Baseball-MLB","24410","","","Used","","","","","","US","","",""
"267436526327",Size 10 - Jordan 11 Retro High Space Jam READY TO SHIP✅,,,"1","FIXED_PRICE","USD",239.95,,,239.95,"0","","","Oct-13-25 18:49:34 PDT","Jul-13-26 18:49:34 PDT","Athletic Shoes","15709","","","Pre-owned - Good","","","","","17039800320","US","0888507264268","",""
"267437218616",Jordan 2019 Infrared 6s Size 10 (OG Box),,,"0","FIXED_PRICE","USD",199.0,,,199.0,"1","26","0","Oct-14-25 18:00:01 PDT","Jun-14-26 18:00:01 PDT","Athletic Shoes","15709","","","Pre-owned - Good","","","","","24052272204","US","0887223034131","",""
"267437377217",Size 10 - Air Jordan 3 Retro OG 2024 Black Cement,,,"1","FIXED_PRICE","USD",199.95,,,199.95,"0","8","0","Oct-15-25 18:00:01 PDT","Jun-15-26 18:00:01 PDT","Athletic Shoes","15709","","","Pre-owned - Good","","","","","8065866868","US","","",""
"267437381917",Air Jordan 1 Retro OG Low Black Toe Size 10 CZ0790-106,,,"1","FIXED_PRICE","USD",89.99,,,89.99,"0","0","","Oct-16-25 18:00:01 PDT","Jun-16-26 18:00:01 PDT","Athletic Shoes","15709","","","Pre-owned - Good","","","","","5058598197","US","","",""
"267437388914",LA Angels MLB Authentic OC Sports Hook Loop Adjustable Hat Red SEE,,,"1","FIXED_PRICE","USD",19.95,,,19.95,"0","","","Oct-18-25 18:00:01 PDT","Jun-18-26 18:00:01 PDT","Baseball-MLB","24410","","","Used","","","","","","US","","",""
"267437400607",Nike Mens Air Max 95 Low FD0780-100 White Green VNDS Shoes Sneakers Size 7,,16 s4-10,"1","FIXED_PRICE","USD",49.95,,,49.95,"0","1","0","Oct-14-25 16:19:45 PDT","Jul-14-26 16:19:45 PDT","Athletic Shoes","15709","","","Pre-owned - Good","","","","","","US","","",""
"267437400610",Nike ZOOM STFAN JANOSKI PR SE Cool Grey Black Ash 631298-010 9.5,,12 s3-10,"1","FIXED_PRICE","USD",69.0,,,69.0,"0","1","0","Oct-14-25 16:19:46 PDT","Jul-14-26 16:19:46 PDT","Athletic Shoes","15709","","","Pre-owned - Good","","","","","","US","","",""
"267437402338",Nike Hyperfuse White Black Basketball Athletic Shoes 525019-100 Men's Size 13,,10.5 s4-3,"1","FIXED_PRICE","USD",39.95,,,39.95,"0","1","0","Oct-14-25 16:24:28 PDT","Jul-14-26 16:24:28 PDT","Athletic Shoes","15709","","","Pre-owned - Good","","","","","","US","","",""
"267437534728",Hawalili Royaaura Hawaiian Button Shirt Mens Size XL Aloha Parrots,,,"1","FIXED_PRICE","USD",39.95,,,39.95,"0","","","Oct-18-25 18:00:01 PDT","Jun-18-26 18:00:01 PDT","Casual Button-Down Shirts","57990","","","Pre-owned - Excellent","","","","","","US","","",""
"267437590351",Adidas Adult Size Red Black Louisville Cardinals Beanie With Pom Pom,,,"0","FIXED_PRICE","USD",19.95,,,19.95,"1","1","0","Oct-19-25 18:00:01 PDT","Jun-19-26 18:00:01 PDT","College-NCAA","24541","","","","","","","","","US","","",""
"267437595923",VANS Military Style Hooded Cropped Jacket Army Green Size S,,,"1","FIXED_PRICE","USD",34.95,,,34.95,"0","1","0","Oct-20-25 18:00:01 PDT","Jun-20-26 18:00:01 PDT","Coats, Jackets & Vests","63862","","","Pre-owned - Excellent","","","","","","US","","",""
"267438226686",Peter Millar Mens  Golf Shorts Size 40 Lake Blue Printed,,,"1","FIXED_PRICE","USD",29.95,,,29.95,"0","","","Oct-21-25 18:00:01 PDT","Jun-21-26 18:00:01 PDT","Shorts","15689","","","Pre-owned - Excellent","","","","","","US","","",""
"267438365650",Peter Millar Shorts Mens 42 Blue Seersucker Crown Sport Golf Chino Preppy Casual,,,"1","FIXED_PRICE","USD",29.95,,,29.95,"0","","","Oct-20-25 18:00:01 PDT","Jun-20-26 18:00:01 PDT","Shorts","15689","","","Pre-owned - Excellent","","","","","","US","","",""
"267439027379",Peter Millar Crown Sport 1/4 Zip Pullover Mens XXL Gray L/S Performance Golf G2,,,"1","FIXED_PRICE","USD",34.95,,,34.95,"0","0","","Oct-22-25 18:00:01 PDT","Jun-22-26 18:00:01 PDT","Sweaters","11484","","","Pre-owned - Excellent","","","","","","US","","",""
"267439057210",Men's Joe's Jeans Aspen Slim Fit dark washed TMBABA8215 size 36,,,"1","FIXED_PRICE","USD",39.95,,,39.95,"0","","","Oct-23-25 18:00:01 PDT","Jun-23-26 18:00:01 PDT","Jeans","11483","","","Pre-owned - Excellent","","","","","","US","Does not apply","",""
"267439093289",Joe's The Brixton Straight + Narrow Fit Jeans Men's Size 31 Dewitt Gray Wash,,,"1","FIXED_PRICE","USD",39.95,,,39.95,"0","","","Oct-25-25 18:00:01 PDT","Jun-25-26 18:00:01 PDT","Jeans","11483","","","Pre-owned - Excellent","","","","","","US","","",""
"267439096736",Peter Millar Long Sleeve Button Down Cotton Blue Brown Plaid Shirt Mens XL,,,"1","FIXED_PRICE","USD",29.95,,,29.95,"0","","","Oct-26-25 18:00:01 PDT","Jun-26-26 18:00:01 PDT","Casual Button-Down Shirts","57990","","","Pre-owned - Excellent","","","","","","US","","",""
"267444579767",NWT! Nike Dri Fit Women’s Golf Shorts Size S Brown Cream Ivory Stretch STD Fit,,,"1","FIXED_PRICE","USD",49.95,,,49.95,"0","1","0","Oct-29-25 18:00:01 PDT","Jun-29-26 18:00:01 PDT","Activewear Shorts","260955","","","New with tags","","","","","","US","Does not apply","",""
"267446423879",Chucky X shoe palace crewneck  adult large  “Child’s Play 2”,,,"0","FIXED_PRICE","USD",69.95,,,69.95,"1","2","0","Oct-23-25 16:21:28 PDT","Jun-23-26 16:21:28 PDT","Hoodies & Sweatshirts","155183","","","Pre-owned - Excellent","","","","","","US","","",""
"267446432674",Vintage Remy Leather Jacket BOMBER Brown - Sz 40 Made in USA,,,"1","FIXED_PRICE","USD",139.95,,,139.95,"0","3","0","Oct-23-25 16:40:08 PDT","Jun-23-26 16:40:08 PDT","Coats, Jackets & Vests","57988","","","Pre-owned - Good","","","","","","US","","",""
"267449329889","Trader Joe's Mini Insulated Cooler Lunch Bag, Peach, LIMITED EDITION",,4,"0","FIXED_PRICE","USD",20.0,,,20.0,"1","1","","Oct-26-25 18:52:02 PDT","Jun-26-26 18:52:02 PDT","Lunch Containers","101428","","","New","","","","","","US","","",""
"267449332447","Lot of New Golf Balls 4 Various Sleeves, Wilson, Strata and Titleist",,5.5,"1","FIXED_PRICE","USD",49.95,,,49.95,"0","","","Oct-26-25 18:57:09 PDT","Jun-26-26 18:57:09 PDT","Golf Balls","18924","","","New","","","","","","US","","",""
"267451492988",Oakland Raiders Pro Player Reversible Puffer Jacket Shield Logo Silver Black Med,,,"1","FIXED_PRICE","USD",120.0,,,120.0,"0","5","0","Oct-28-25 16:33:46 PDT","Jun-28-26 16:33:46 PDT","Football-NFL","206","","","Used","","","","","","US","","",""
"267451495883",VTG 90s Dallas Cowboys Jacket Mens Size Medium Pro Line Starter NFL Puffer Coat,,,"1","FIXED_PRICE","USD",99.95,,,99.95,"0","2","0","Oct-28-25 16:40:19 PDT","Jun-28-26 16:40:19 PDT","Football-NFL","206","","","Used","","","","","","US","","",""
"267451660616",Patagonia Synchilla Women's Fleece Full zip Jacket Size XS Green Sherpa Jacket,,,"1","FIXED_PRICE","USD",39.95,,,39.95,"0","","","Oct-28-25 19:59:09 PDT","Jun-28-26 19:59:09 PDT","Coats, Jackets & Vests","63862","","","Pre-owned - Good","","","","","","US","Does not apply","",""
"267451668628",Patagonia Jacket Womens XSmall Red Blue Full Zip Fleece Woolyester Outdoor,,,"1","FIXED_PRICE","USD",29.95,,,29.95,"0","","","Oct-28-25 20:06:52 PDT","Jun-28-26 20:06:52 PDT","Coats, Jackets & Vests","63862","","","Pre-owned - Good","","","","","","US","","",""
"267451685857",Patagonia Women's Re-Tool Hoody Medium Pink Pullover Fleece Jacket,,,"1","FIXED_PRICE","USD",29.95,,,29.95,"0","","","Oct-28-25 20:28:32 PDT","Jun-28-26 20:28:32 PDT","Hoodies & Sweatshirts","155226","","","Pre-owned - Good","","","","","","US","","",""
"267453474377",Dr Doc Martens Nartilla Gladiator Sandals Brown Womens Size 8,,,"0","FIXED_PRICE","USD",65.0,,,65.0,"1","4","0","Oct-30-25 12:54:40 PDT","Jun-30-26 12:54:40 PDT","Sandals","62107","","","New without box","","","","","","US","","",""
"267453498718",Hoka One One Clifton 8 Running Shoes 1119394 TGT Women’s Size 8B,,,"1","FIXED_PRICE","USD",49.99,,,49.99,"0","","","Oct-30-25 13:40:23 PDT","Jun-30-26 13:40:23 PDT","Athletic Shoes","95672","","","Pre-owned - Good","","","","","","US","","",""
"267453505315",Hoka One One U Bondi L Embroidery Sneakers 1126855 Men 7 Women 8 Blue,,,"0","FIXED_PRICE","USD",54.95,,,54.95,"1","0","0","Oct-30-25 13:49:25 PDT","Jun-30-26 13:49:25 PDT","Athletic Shoes","15709","","","Pre-owned - Fair","","","","","","US","","",""
"267454711112",Hoka One One Women’s Clifton 9 Airy Blue Ice Water Sneakers Size 10 D Wide,,,"0","FIXED_PRICE","USD",59.99,,,59.99,"1","3","0","Oct-31-25 17:24:27 PDT","Jun-30-26 17:24:27 PDT","Athletic Shoes","95672","","","Pre-owned - Good","","","","","","US","","",""
"267454754119",On Cloudsurfer Running Shoes Mens 12 Athletic Comfort Sneakers Flame White,,,"1","FIXED_PRICE","USD",59.95,,,59.95,"0","0","","Oct-31-25 18:24:55 PDT","Jun-30-26 18:24:55 PDT","Athletic Shoes","15709","","","Pre-owned - Good","","","","","","US","","",""
"267456815314",Hoka One One Gaviota 2 Men's Size 12 Running Shoes 1099629 MOBI Blue Green,,,"1","FIXED_PRICE","USD",49.95,,,49.95,"0","2","0","Nov-02-25 08:52:40 PST","Jul-02-26 08:52:40 PDT","Athletic Shoes","15709","","","Pre-owned - Good","","","","","","US","","",""
"267456815327",Hoka One One Clifton 8 Running Shoes Womens 8.5 B Blue Sneakers Gym 1119394 AEBL,,,"1","FIXED_PRICE","USD",49.95,,,49.95,"0","","","Nov-02-25 08:52:40 PST","Jul-02-26 08:52:40 PDT","Athletic Shoes","95672","","","Pre-owned - Good","","","","","","US","","",""
"267461500156",All Saints Lamb Skin Leather Black Skinny Biker Pants Sz 26,,F2 0486,"0","FIXED_PRICE","USD",99.95,,,99.95,"1","23","0","Nov-06-25 10:09:58 PST","Jul-06-26 10:09:58 PDT","Pants","63863","","","Pre-owned - Excellent","","","","","","US","","",""
"267461940745",On Cloudrunner Sneakers Womens 10.5 46.98641 Gray Running Athletic Gym Shoes,,,"0","FIXED_PRICE","USD",69.95,,,69.95,"1","0","0","Nov-06-25 20:58:01 PST","Jul-06-26 20:58:01 PDT","Athletic Shoes","95672","","","Pre-owned - Good","","","","","","US","","",""
"267462843706",Rare Old Stussy Hat 90S Fade Green L-XL,,7,"0","FIXED_PRICE","USD",99.95,,,99.95,"1","2","0","Nov-07-25 17:00:01 PST","Jul-07-26 17:00:01 PDT","Hats","52365","","","Pre-owned - Good","","","","","","US","","",""
"267462869793",Faherty Brand Shirt Mens Large Pink Blue Plaid Long Sleeve Button Down Stretch,,3,"1","FIXED_PRICE","USD",34.95,,,34.95,"0","0","","Nov-07-25 17:00:01 PST","Jul-07-26 17:00:01 PDT","Casual Button-Down Shirts","57990","","","Pre-owned - Good","","","","","","US","","",""
"267462980236",Tommy Bahama Jeans Men's Size 40 Khaki Cargo Shorts Multi Pocket 100% Cotton ,,,"1","FIXED_PRICE","USD",29.95,,,29.95,"0","","","Nov-08-25 17:00:01 PST","Jul-08-26 17:00:01 PDT","Shorts","15689","","","Pre-owned - Excellent","","","","","","US","","",""
"267463757684",Patagonia Los Gatos Full Zip Sherpa Fleece Jacket Gray Womens Size M Fuzzy,,,"1","FIXED_PRICE","USD",44.95,,,44.95,"0","","","Nov-08-25 07:33:30 PST","Jul-08-26 07:33:30 PDT","Coats, Jackets & Vests","63862","","","Pre-owned - Good","","","","","","US","Does not apply","",""
"267463759586",Patagonia Jacket Womens Med Beige Los Gatos Sherpa Fleece Full Zip Hiking Gorp,,,"1","FIXED_PRICE","USD",44.0,,,44.0,"0","","","Nov-08-25 07:36:51 PST","Jul-08-26 07:36:51 PDT","Coats, Jackets & Vests","63862","","","Pre-owned - Good","","","","","","US","","",""
"267463875101",Patagonia Jacket Womens M Gray Blue Polartec Re-Tool Snap T Fleece Pullover,,,"1","FIXED_PRICE","USD",20.0,,,20.0,"0","","","Nov-08-25 10:28:16 PST","Jul-08-26 10:28:16 PDT","Coats, Jackets & Vests","63862","","","Pre-owned - Excellent","","","","","","US","Does Not Apply","",""
"267463881142",Patagonia Sweater Mens Large BlueHalf Zip Better Sweater Pullover Jacket,,,"1","FIXED_PRICE","USD",20.0,,,20.0,"0","5","0","Nov-08-25 10:39:19 PST","Jul-08-26 10:39:19 PDT","Sweaters","11484","","","Pre-owned - Good","","","","","","US","","",""
"267464206278",Peter Millar Performance Pants Men Tag Sz 40 Blue Golf Comfort Casual Stretch,,,"1","FIXED_PRICE","USD",34.95,,,34.95,"0","","","Nov-08-25 17:33:45 PST","Jul-08-26 17:33:45 PDT","Pants","57989","","","Pre-owned - Excellent","","","","","","US","","",""
"267464213382",Joes Jeans The Palmer Shorts Mens 29 brown Slim Straight Chino  Flat Front,,,"1","FIXED_PRICE","USD",34.95,,,34.95,"0","","","Nov-09-25 17:00:01 PST","Jul-09-26 17:00:01 PDT","Shorts","15689","","","Pre-owned - Good","","","","","","US","","",""
"267464219556",Tommy Bahama Mens Y2K Cargo Shorts Size 40 Gray Relax Preppy Summer,,,"1","FIXED_PRICE","USD",29.95,,,29.95,"0","","","Nov-09-25 17:00:01 PST","Jul-09-26 17:00:01 PDT","Shorts","15689","","","Pre-owned - Good","","","","","","US","","",""
"267480478681",Nikko Happy Holiday Christmas Thermal Vacuum Carafe Pitcher Liter Hot Coffee Tea,,,"1","FIXED_PRICE","USD",15.0,,,15.0,"0","1","","Nov-19-25 07:00:01 PST","Jun-19-26 07:00:01 PDT","Other Dinnerware & Serveware","175802","","","Used","","","","","","US","","",""
"267480495112",COULOIR Ski Snow Jacket Coat Men's Size 48. Blue Black Hood Zip Out Lining VTG,,,"1","FIXED_PRICE","USD",69.95,,,69.95,"0","4","0","Nov-19-25 07:00:01 PST","Jun-19-26 07:00:01 PDT","Coats, Jackets & Vests","57988","","","Pre-owned - Excellent","","","","","","US","","",""
"267480539779",VTG Obermeyer Fanciful Jacket Black  aztec Hood Zip Pockets w headband,,,"1","FIXED_PRICE","USD",89.96,,,89.96,"0","0","0","Nov-19-25 07:00:01 PST","Jun-19-26 07:00:01 PDT","Coats, Jackets & Vests","63862","","","Pre-owned - Excellent","","","","","","US","Does not apply","",""
"267481630717",FootJoy Pants Mens 34x34 Gray Athletic Fit Stretch Performance Golf FJ 5-Pocket,,d4 579,"0","FIXED_PRICE","USD",29.95,,,29.95,"1","0","0","Nov-19-25 10:46:30 PST","Jun-19-26 10:46:30 PDT","Activewear Pants","260956","","","Pre-owned - Excellent","","","","","","US","","",""
"267481721474",Gravity Defyer AIW Purple Gray Shoes Women's Size 8.5 Lace Up Sneakers TB905FPS,,10,"1","FIXED_PRICE","USD",49.95,,,49.95,"0","2","0","Nov-20-25 17:00:01 PST","Jun-20-26 17:00:01 PDT","Athletic Shoes","95672","","","Pre-owned - Excellent","","","","","","US","","",""
"267481749678",VINTAGE Tyrolia Head Jacket Men XL Blue Skiwear Puffer Full Zip Snowboard 90s,,10,"1","FIXED_PRICE","USD",119.0,,,119.0,"0","","","Nov-20-25 17:00:01 PST","Jun-20-26 17:00:01 PDT","Coats, Jackets & Vests","26346","","","Pre-owned","","","","","","US","","",""
"267482105787",Vintage R.A.E. model small scale P&O The Willam Fawcett collectible,,,"1","FIXED_PRICE","USD",49.95,,,49.95,"0","0","","Nov-20-25 17:00:01 PST","Jun-20-26 17:00:01 PDT","Other Boat & Ship Collectibles","423","","","Used","","","","","","US","","",""
"267483061063",Vintage Hand-Carved Jade Eagle Sculpture with Wooden Base – Collectible Home Déc,,20,"0","FIXED_PRICE","USD",899.0,,,899.0,"1","1","0","Nov-20-25 09:03:52 PST","Jun-20-26 09:03:52 PDT","Figurines & Statues","184440","","","","","","","","","US","","",""
"267483086900",Vintage Lenox Great Castles of the World Neuschwanstein Castle 1994,,,"0","FIXED_PRICE","USD",79.99,,,79.99,"1","0","","Nov-21-25 17:00:01 PST","Jun-21-26 17:00:01 PDT","Sculptures & Figurines","261628","","","Used","","","","","","US","","",""
"267488709077",Universal studio Hollywood Super Nintendo World Princess Peach Power Up Band,,,"0","FIXED_PRICE","USD",45.0,,,45.0,"1","3","0","Nov-23-25 21:21:08 PST","Jun-23-26 21:21:08 PDT","Other Animation Merchandise","69528","","","Used","","","","","","US","","",""
"267491232047",Asics Mens Gel Contend 8 1011B492 Blue Running Shoes Sneakers Size 13,,10,"1","FIXED_PRICE","USD",49.95,,,49.95,"0","2","0","Nov-25-25 17:07:14 PST","Jun-25-26 17:07:14 PDT","Athletic Shoes","15709","","","Pre-owned - Excellent","","","","","","US","","",""
"267492412912",Mens Cortech Marquee Size Med Black Leather Soft Shell Motorcycle Jacket,,,"0","FIXED_PRICE","USD",99.95,,,99.95,"1","0","0","Nov-26-25 19:29:24 PST","Jun-26-26 19:29:24 PDT","Coats, Jackets & Vests","57988","","","Pre-owned - Excellent","","","","","","US","Does not apply","",""
"267492480882",Hoka One One US 12.5 Men's Orange/Yellow -Run Carbon Plate -Bondi X 1113512 -New,,80 +,"0","FIXED_PRICE","USD",130.0,,,130.0,"1","0","0","Nov-26-25 21:32:04 PST","Jun-26-26 21:32:04 PDT","Athletic Shoes","15709","","","New with box","","","","","","US","","",""
"267492482505",Hoka One Arahi 7 Size 10.5D Wide Thunder Cloud Stormy Skies 1147850 TDS Running,,S5 1,"0","FIXED_PRICE","USD",79.95,,,79.95,"1","0","","Nov-26-25 21:36:02 PST","Jun-26-26 21:36:02 PDT","Athletic Shoes","15709","","","Pre-owned - Good","","","","","","US","","",""
"267493202875",Vintage 90s Starter University of Washington Huskies Full Zip Hooded Jacket Y2K,,,"0","FIXED_PRICE","USD",150.0,,,150.0,"1","1","","Nov-27-25 15:13:51 PST","Jun-27-26 15:13:51 PDT","College-NCAA","24541","","","Used","","","","","","US","","",""
"267493208375",Lego Star Wars: Grogu with Hover Pram (75403)- NEW,,,"1","FIXED_PRICE","USD",75.0,,,75.0,"0","1","","Nov-27-25 15:18:59 PST","Jun-27-26 15:18:59 PDT","LEGO (R) Complete Sets & Packs","19006","","","New","","","","","3074070568","US","0673419406024","",""
"267493216386",Patagonia Snapback Trucker Hat Red One Size Adjustable Mesh Back Embroidered,,,"1","FIXED_PRICE","USD",29.95,,,29.95,"0","","","Nov-28-25 05:00:01 PST","Jun-28-26 05:00:01 PDT","Hats","52365","","","Pre-owned - Excellent","","","","","","US","","",""
"267493220833",Men's Patagonia hat camo snapback,,,"0","FIXED_PRICE","USD",29.95,,,29.95,"1","1","0","Nov-28-25 05:00:01 PST","Jun-28-26 05:00:01 PDT","Hats","52365","","","Pre-owned - Excellent","","","","","","US","","",""
"267496724876",Vintage Columbia Sportswear Dark Green Anorak 1/2 Zip Jacket Men’s Size XL,,11.50,"1","FIXED_PRICE","USD",89.95,,,89.95,"0","2","","Nov-30-25 21:48:20 PST","Jun-30-26 21:48:20 PDT","Coats, Jackets & Vests","57988","","","Pre-owned - Excellent","","","","","","US","","",""
"267496729351",Alo Yoga Peak Cutout Crop Hoodie Sweatshirt Medium Green Long Sleeve Pullover,,11.50,"1","FIXED_PRICE","USD",49.95,,,49.95,"0","5","0","Nov-30-25 21:55:56 PST","Jun-30-26 21:55:56 PDT","Hoodies & Sweatshirts","155226","","","Pre-owned - Good","","","","","","US","Does not apply","",""
"267496747942",Nike GP Challenge Pro Women's Hard Court Tennis Shoe Size 10,,2.50,"0","FIXED_PRICE","USD",49.95,,,49.95,"1","1","0","Nov-30-25 22:24:18 PST","Jun-30-26 22:24:18 PDT","Athletic Shoes","95672","","","Pre-owned - Good","","","","","","US","","",""
"267497576504",Adidas Pure Hustle Mens Size 11.5 Baseball Cleats.,,2.5,"1","FIXED_PRICE","USD",39.95,,,39.95,"0","","","Dec-01-25 17:00:01 PST","Jul-01-26 17:00:01 PDT","Athletic Shoes","15709","","","Pre-owned - Good","","","","","","US","","",""
"267499340461","Vintage Green Mountain Unisex Down Ski Jacket Coat, Size Large, Burgundy",,2.5,"1","FIXED_PRICE","USD",59.95,,,59.95,"0","","","Dec-02-25 20:42:12 PST","Jul-02-26 20:42:12 PDT","Coats, Jackets & Vests","57988","","","Pre-owned - Excellent","","","","","","US","","",""
"267499346610",Vintage Coach C1432 Ellen Crossbody Small Bag Clutch / Black,,,"0","FIXED_PRICE","USD",65.0,,,65.0,"1","4","0","Dec-02-25 21:03:42 PST","Jul-02-26 21:03:42 PDT","Women's Bags & Handbags","169291","","","Pre-owned - Good","","","","","","US","","",""
"267499365134",Unpainted 15mm Fantasy Goblin Mighty Armies Army Splintered Light Miniatures,,,"1","FIXED_PRICE","USD",39.0,,,39.0,"0","2","0","Dec-02-25 21:22:19 PST","Jul-02-26 21:22:19 PDT","15mm","158728","","","New","","","","","","US","","",""
"267500317747",Women's Prana Halle Straight Outdoor Convertible Pants Size 16 Smoky Blue,,,"0","FIXED_PRICE","USD",29.95,,,29.95,"1","0","0","Dec-03-25 16:50:28 PST","Jul-03-26 16:50:28 PDT","Pants","63863","","","Pre-owned - Excellent","","","","","","US","","",""
"267500434770",Hoka One One Women's Bondi 7 Blue Fog/Blue Glass Shoes 1110519-BFBG – Size 9.5,,25,"0","FIXED_PRICE","USD",54.95,,,54.95,"1","0","","Dec-03-25 20:02:52 PST","Jul-03-26 20:02:52 PDT","Athletic Shoes","95672","","","Pre-owned - Good","","","","","","US","","",""
"267501263287",Hoka One One Mens Arahi 8 1168710 BKSK Black Running ShoeSneakers Size 10.5 2E,,25,"0","FIXED_PRICE","USD",74.95,,,74.95,"1","0","0","Dec-04-25 13:42:19 PST","Jul-04-26 13:42:19 PDT","Athletic Shoes","15709","","","Pre-owned - Good","","","","","","US","","",""
"267501291755",Hoka One One Women’s Clifton 5 1093756 AMTL Gray Running Shoes Sneakers Size 9.5,,13,"0","FIXED_PRICE","USD",45.0,,,45.0,"1","1","0","Dec-04-25 14:28:43 PST","Jul-04-26 14:28:43 PDT","Athletic Shoes","95672","","","Pre-owned - Good","","","","","","US","Does not apply","",""
"267502596588",New Balance Fresh Foam Arishi v4 Running Shoes Unisex Size M14/W15.5,,25,"2","FIXED_PRICE","USD",70.0,,,70.0,"0","1","0","Dec-05-25 21:13:42 PST","Jul-05-26 21:13:42 PDT","Athletic Shoes","15709","","","New with box","","","","","","US","","",""
"267503442141",Vintage Columbia Jacket Size M Radial Sleeve Windbreaker Full Zip Neon Retro 80s,,,"1","FIXED_PRICE","USD",30.0,,,30.0,"0","1","0","Dec-06-25 18:34:04 PST","Jul-06-26 18:34:04 PDT","Coats, Jackets & Vests","57988","","","Pre-owned - Excellent","","","","","","US","","",""
"267503542099",Ace Sneakers Lady Bug Pineapple White Sz 8,,,"0","FIXED_PRICE","USD",70.0,,,70.0,"1","4","0","Dec-06-25 21:05:07 PST","Jul-06-26 21:05:07 PDT","Flats","45333","","","Pre-owned - Fair","","","","","","US","","",""
"267505876463",Vintage Green Bay Packers NFL Pro Line STARTER Jacket Mens XL Insulated 90s,,23,"1","FIXED_PRICE","USD",50.0,,,50.0,"0","","","Dec-08-25 20:39:34 PST","Jul-08-26 20:39:34 PDT","Football-NFL","206","","","Used","","","","","","US","","",""
"267506949183",Vintage Starter Cleveland Indians Starter Coat M Blue,,23,"1","FIXED_PRICE","USD",89.99,,,89.99,"0","1","0","Dec-09-25 21:07:39 PST","Jul-09-26 21:07:39 PDT","Baseball-MLB","24410","","","Used","","","","","","US","","",""
"267507673941",New Air Jordan 6 Pack Cushioned Crew Socks Boys  10C-3Y Black,,10,"1","FIXED_PRICE","USD",25.0,,,25.0,"0","","","Dec-10-25 13:36:07 PST","Jul-10-26 13:36:07 PDT","Socks","153564","","","New with tags","","","","","","US","","",""
"267507677425",Columbia Sportswear Company Windbreaker Jacket Size L Black,,15,"1","FIXED_PRICE","USD",35.0,,,35.0,"0","3","0","Dec-10-25 13:42:29 PST","Jul-10-26 13:42:29 PDT","Coats, Jackets & Vests","57988","","","New with tags","","","","","","US","","",""
"267507679330",Vintage Mini Brass Arch of Triumph Paris France Souvenir Statue Paperweight,,5,"1","FIXED_PRICE","USD",25.0,,,25.0,"0","1","0","Dec-10-25 13:45:16 PST","Jul-10-26 13:45:16 PDT","France","165860","","","Used","","","","","","US","","",""
"267507682468",Vintage hand painted lacquer egg St Petersburg souvenir signed Easter folk art,,,"1","FIXED_PRICE","USD",25.0,,,25.0,"0","0","","Dec-10-25 13:50:38 PST","Jul-10-26 13:50:38 PDT","Other Decorative Collectibles","73467","","","Used","","","","","","US","","",""
"267512388766",Patagonia Kids Vest Stonewash Gray Size S 7-8,,,"0","FIXED_PRICE","USD",35.0,,,35.0,"1","1","","Dec-14-25 19:14:47 PST","Jun-14-26 19:14:47 PDT","Outerwear","155201","","","Pre-owned - Excellent","","","","","","US","","",""
"267512393721",Polo Ralph Lauren Big Boys Cricket-Striped Fleece Hoodie XL 18-20 Years,,,"1","FIXED_PRICE","USD",29.0,,,29.0,"0","","","Dec-14-25 19:25:07 PST","Jun-14-26 19:25:07 PDT","Sweatshirts & Hoodies","57916","","","Pre-owned - Good","","","","","","US","","",""
"267512395715",LAUREN Ralph Lauren Equestrian Print Long Sleeve Button Down Shirt Size XS,,,"1","FIXED_PRICE","USD",44.95,,,44.95,"0","12","0","Dec-14-25 19:30:04 PST","Jun-14-26 19:30:04 PDT","Tops","53159","","","Pre-owned - Excellent","","","","","","US","","",""
"267512402004",Sweaty Betty Power High Waist Sculpting Salopettes Black Snow Pants Size Med,,,"0","FIXED_PRICE","USD",149.95,,,149.95,"1","0","","Dec-14-25 19:42:39 PST","Jun-14-26 19:42:39 PDT","Activewear Pants","260954","","","Pre-owned - Excellent","","","","","","US","","",""
"267512404677",Oakley Womens Cassis Golf Shorts Size 6 NWT,,,"1","FIXED_PRICE","USD",45.95,,,45.95,"0","0","","Dec-14-25 19:47:45 PST","Jun-14-26 19:47:45 PDT","Shorts","181150","","","New with tags","","","","","","US","","",""
"267512406603",NWT Oakley Golf Piton Skort Skirt Shorts Black Size 6 athletic wear tennis,,,"0","FIXED_PRICE","USD",49.95,,,49.95,"1","6","0","Dec-14-25 19:52:16 PST","Jun-14-26 19:52:16 PDT","Skirts & Skorts","179003","","","New with tags","","","","","","US","Does not apply","",""
"267512408445",Womens 6 New NWT Golf Palm Capri Pants Pockets Long UPF 50 White Oakley Knee,,,"1","FIXED_PRICE","USD",49.95,,,49.95,"0","0","","Dec-14-25 19:56:02 PST","Jun-14-26 19:56:02 PDT","Activewear Shorts","260955","","","New with tags","","","","","","US","Does not apply","",""
"267513104812",Womens 6 New NWT Golf Palm Capri Pants Pockets Long UPF 50 Black Oakley Knee,,,"1","FIXED_PRICE","USD",49.95,,,49.95,"0","1","0","Dec-15-25 11:50:45 PST","Jun-15-26 11:50:45 PDT","Activewear Shorts","260955","","","New with tags","","","","","","US","Does not apply","",""
"267513108822",Oakley NWT Top Womens Lg Black Power Scoop Neck Racerback Active Stretch Med,,,"1","FIXED_PRICE","USD",39.95,,,39.95,"0","1","0","Dec-15-25 11:55:00 PST","Jun-15-26 11:55:00 PDT","Activewear Tops","185082","","","New with tags","","","","","","US","","",""
"267513114417",Oakley Women's Long Sleeve Golf Polo Size Med New With Tags Black ,,,"1","FIXED_PRICE","USD",39.95,,,39.95,"0","2","0","Dec-15-25 12:03:07 PST","Jun-15-26 12:03:07 PDT","Shirts & Tops","181149","","","New with tags","","","","","","US","","",""
"267513223259",Oakley Womens Cassis Golf Shorts Size 6 NWT Green,,,"1","FIXED_PRICE","USD",45.0,,,45.0,"0","0","0","Dec-15-25 14:31:38 PST","Jun-15-26 14:31:38 PDT","Shorts","181150","","","New with tags","","","","","","US","","",""
"267513389733",New Oakley Women’s white  Skort Palm Golf Skort  Size 6 $65,,23,"1","FIXED_PRICE","USD",39.95,,,39.95,"0","1","0","Dec-15-25 17:52:27 PST","Jun-15-26 17:52:27 PDT","Skirts & Skorts","179003","","","New with tags","","","","","","US","","",""
"267513394655",Oakley Women's Board Golf Bermuda Shorts Black Athleisure Sporty Outdoor Size 6,,,"1","FIXED_PRICE","USD",39.95,,,39.95,"0","","","Dec-15-25 17:58:14 PST","Jun-15-26 17:58:14 PDT","Shorts","11555","","","Pre-owned - Excellent","","","","","","US","","",""
"267513400078",Oakley Palm Capri Womens 6 Black Hydrolix Golf Pants Elastic Hem Snaps 521389,,,"1","FIXED_PRICE","USD",29.95,,,29.95,"0","1","0","Dec-15-25 18:01:53 PST","Jun-15-26 18:01:53 PDT","Activewear Pants","260954","","","Pre-owned - Excellent","","","","","","US","","",""
"267513404496",Sweaty Betty Backpack black gym fitness bag  Mint Condition,,,"1","FIXED_PRICE","USD",39.94,,,39.94,"0","1","0","Dec-15-25 18:07:50 PST","Jun-15-26 18:07:50 PDT","Women's Bags & Handbags","169291","","","Pre-owned - Excellent","","","","","","US","","",""
"267513520908",Sweaty Betty Icon Luxe Duffle Bag Blue Quilted Weekender Yoga Gym Bag,,,"1","FIXED_PRICE","USD",80.0,,,80.0,"0","2","0","Dec-15-25 21:40:22 PST","Jun-15-26 21:40:22 PDT","Women's Bags & Handbags","169291","","","Pre-owned - Good","","","","","","US","","",""
"267513523721",ASICS Beach Volleyball Bikini Top Size Small NEW Reversible UPF Protection NWT,,,"1","FIXED_PRICE","USD",25.0,,,25.0,"0","3","0","Dec-15-25 21:48:02 PST","Jun-15-26 21:48:02 PDT","Swimwear","63867","","","New with tags","","","","","","US","","",""
"267516404401","Bulova Eyeglasses, Frames Only, Edgewood, 57-18-150, Metal/Plastic, Grey/Green",,,"1","FIXED_PRICE","USD",40.0,,,40.0,"0","","","Dec-18-25 18:06:53 PST","Jun-18-26 18:06:53 PDT","Eyeglass Frames","180957","","","Pre-owned","","","","","","US","","",""
"267516407971",Oakley Ojector Matte Black Clear Lens Sunglasses ,,,"1","FIXED_PRICE","USD",130.0,,,130.0,"0","","","Dec-18-25 18:11:13 PST","Jun-18-26 18:11:13 PDT","Sunglasses","79720","","","Pre-owned - Excellent","","","","","","US","","",""
"267516414580",Rare Oakley Garage Rock Sunglasses Shaun White 009175-20 Black  USA Made,,,"0","FIXED_PRICE","USD",149.0,,,149.0,"1","4","0","Dec-18-25 18:16:42 PST","Jun-18-26 18:16:42 PDT","Sunglasses","79720","","","Pre-owned - Excellent","","","","","","US","","",""
"267518033355",On Cloud 6 Running Shoes Sneakers Men 9 Midnight Blue White 3MF10070692,,,"0","FIXED_PRICE","USD",65.0,,,65.0,"1","0","0","Dec-20-25 09:07:55 PST","Jun-20-26 09:07:55 PDT","Athletic Shoes","15709","","","Pre-owned - Good","","","","","","US","","",""
"267518212032",On Cloud Cloud 5 Black Running Comfort Athletic Shoes Mens Size 9 59.98986,,,"0","FIXED_PRICE","USD",49.0,,,49.0,"1","4","0","Dec-20-25 13:25:39 PST","Jun-20-26 13:25:39 PDT","Athletic Shoes","15709","","","Pre-owned - Good","","","","","","US","","",""
"267518239418",Hoka One One Womens Bondi X 1113513 YPRY Orange Running Shoes Sneakers Size 10.5,,,"0","FIXED_PRICE","USD",49.0,,,49.0,"1","0","0","Dec-20-25 14:17:27 PST","Jun-20-26 14:17:27 PDT","Athletic Shoes","95672","","","Pre-owned - Good","","","","","","US","Does not apply","",""
"267518241467","UsedGood - Hoka Mens Bondi 9, Black/Black, 13 2E",,,"0","FIXED_PRICE","USD",89.95,,,89.95,"1","2","0","Dec-20-25 14:22:07 PST","Jun-20-26 14:22:07 PDT","Athletic Shoes","15709","","","Pre-owned - Good","","","","","","US","197634739281","",""
"267518243929",Hoka One One Bondi 8 Shoes Men Sz 10.5 Castlerock Flame Running Athletic Sneaker,,,"0","FIXED_PRICE","USD",49.95,,,49.95,"1","2","","Dec-20-25 14:26:51 PST","Jun-20-26 14:26:51 PDT","Athletic Shoes","15709","","","Pre-owned - Good","","","","","","US","","",""
"267518248817",Hoka One One x Cotopaxi Anacapa Breeze Size: 14.5,,,"1","FIXED_PRICE","USD",69.0,,,69.0,"0","5","0","Dec-20-25 14:30:52 PST","Jun-20-26 14:30:52 PDT","Athletic Shoes","15709","","","Pre-owned - Good","","","","","","US","","",""
"267519589793",Vintage Bird and Twig Jewelry Tree and Nest Stand,,,"0","FIXED_PRICE","USD",55.0,,,55.0,"1","1","0","Dec-21-25 21:01:43 PST","Jun-21-26 21:01:43 PDT","Other Home Décor","10034","","","Used","","","","","","US","725739338407","",""
"267522843454",Vintage DIOR Summerset F Sunglasses Ladies Eyewear Shades T6XP5 Gloss Red ,,,"1","FIXED_PRICE","USD",150.0,,,150.0,"0","1","0","Dec-24-25 19:33:03 PST","Jun-24-26 19:33:03 PDT","Sunglasses","45246","","","Pre-owned - Excellent","","","","","","US","","",""
"267522858187",Christian Dior Monsieur Vintage Over Size Sunglasses Austria Brown Optyl 80s,,,"0","FIXED_PRICE","USD",199.95,,,199.95,"1","43","0","Dec-24-25 20:01:22 PST","Jun-24-26 20:01:22 PDT","Sunglasses","48559","","","Pre-owned","","","","","","US","","",""
"267535004143",Melin “The Bar” California Luxury Black Leather Hat – Limited Edition w/ Display,,,"0","FIXED_PRICE","USD",280.0,,,280.0,"1","3","0","Jan-05-26 13:52:24 PST","Jul-05-26 13:52:24 PDT","Hats","52365","","","New without tags","","","","","","US","","",""
"267535311448",Melin “The affair” California Luxury red Leather Hat – Limited Edition,,62,"0","FIXED_PRICE","USD",350.0,,,350.0,"1","3","0","Jan-05-26 22:03:00 PST","Jul-05-26 22:03:00 PDT","Hats","52365","","","New with tags","","","","","","US","","",""
"267536024426",North Face Jacket Womens M Purple Full Zip Goretex Hooded Lightweight Outdoors,,,"1","FIXED_PRICE","USD",59.99,,,59.99,"0","","","Jan-06-26 09:06:53 PST","Jul-06-26 09:06:53 PDT","Coats, Jackets & Vests","63862","","","Pre-owned - Excellent","","","","","","US","","",""
"267536044106",G III Sports by Carl Banks MLB New York Yankees Baseball Blue Full Zip Jacket L,,,"1","FIXED_PRICE","USD",40.0,,,40.0,"0","","","Jan-06-26 09:20:21 PST","Jul-06-26 09:20:21 PDT","Baseball-MLB","24410","","","Used","","","","","","US","","",""
"267536190040",Dr. Martens Zavala Womens Size 7 Mens 6  Black Leather Combat Boots Side Zip,,,"1","FIXED_PRICE","USD",59.95,,,59.95,"0","4","0","Jan-06-26 12:36:21 PST","Jul-06-26 12:36:21 PDT","Boots","53557","","","Pre-owned - Good","","","","","","US","","",""
"267536197195",Lululemon Pants Men 34 Dark Olive ABC Slim Fit Trouser Stretch Cotton VersaTwill,,,"0","FIXED_PRICE","USD",39.95,,,39.95,"1","0","0","Jan-06-26 12:47:42 PST","Jul-06-26 12:47:42 PDT","Pants","57989","","","Pre-owned - Good","","","","","","US","","",""
"267536202032",Prana Pants Mens 40x36 Gray Stretch Zion Straight Hiking Nylon Cargo Outdoor,,,"0","FIXED_PRICE","USD",34.95,,,34.95,"1","0","","Jan-06-26 12:53:19 PST","Jul-06-26 12:53:19 PDT","Activewear Pants","260956","","","Pre-owned - Good","","","","","","US","","",""
"267536221736",Joe's Jeans Petite The Provocateur Even Better Bootcut Jean Women's  27 rainbow,,,"1","FIXED_PRICE","USD",39.95,,,39.95,"0","","","Jan-06-26 13:15:48 PST","Jul-06-26 13:15:48 PDT","Jeans","11554","","","Pre-owned - Good","","","","","","US","","",""
"267536225264","Waterdrop TSUF Ultra-Filtration Under Sink Water Filter, 0.01 Micron, 1 Pack",,,"0","FIXED_PRICE","USD",39.95,,,39.95,"1","0","0","Jan-06-26 13:19:58 PST","Jul-06-26 13:19:58 PDT","Water Filters","20684","","","New","","","","","","US","","",""
"267538103254","PATAGONIA MENS LIGHTWEIGHT ALL-WEAR Organic Cotton SHORTS 9"" KHAKI 31",,,"1","FIXED_PRICE","USD",25.0,,,25.0,"0","","","Jan-08-26 07:56:27 PST","Jul-08-26 07:56:27 PDT","Shorts","15689","","","Pre-owned - Good","","","","","","US","Does not apply","",""
"267538105821",Trader Joe's Reusable Large Insulated Cooler Tote Bag Olive Avocado Green NEW,,,"1","FIXED_PRICE","USD",25.0,,,25.0,"0","1","0","Jan-08-26 08:00:47 PST","Jul-08-26 08:00:47 PDT","Reusable Shopping Bags","169302","","","New","","","","","","US","","",""
"267538116283",Joe's Chunky Heel White Leather Slip On Vegan Leather Mule Size 11,,,"1","FIXED_PRICE","USD",50.0,,,50.0,"0","4","0","Jan-08-26 08:11:41 PST","Jul-08-26 08:11:41 PDT","Heels","55793","","","Pre-owned - Excellent","","","","","","US","","",""
"267538125073",Nine West Women’s White Straw Sun Hat w/ Med Brim & TRibbon Bow – O/S,,,"0","FIXED_PRICE","USD",25.0,,,25.0,"1","1","0","Jan-08-26 08:19:14 PST","Jul-08-26 08:19:14 PDT","Hats","45230","","","Pre-owned - Excellent","","","","","","US","","",""
"267538132897","Adidas Yeezy Boost 350 V2 CMPCT ""Slate Bone"" sneaker M 8 W 9.5",,,"1","FIXED_PRICE","USD",55.0,,,55.0,"0","4","0","Jan-08-26 08:27:57 PST","Jul-08-26 08:27:57 PDT","Athletic Shoes","15709","","","Pre-owned - Good","","","","","","US","","",""
"267542911856",Trader Joe's 8 Gallons Reusable Bag Cooler Large Insulated Tote Dusty Blue,,,"3","FIXED_PRICE","USD",25.0,,,25.0,"0","","","Jan-12-26 17:10:35 PST","Jul-12-26 17:10:35 PDT","Bags","52357","","","New with tags","","","","","","US","","",""
"267551283728",Nwt Kate Spade Rose Gold Pink Glitter Sunset Lane Milou Wallet Clutch Chain Bag,,small flat bin,"1","FIXED_PRICE","USD",99.0,,,99.0,"0","3","0","Jan-19-26 19:20:31 PST","Jun-19-26 19:20:31 PDT","Women's Bags & Handbags","169291","","","New with tags","","","","","","US","","",""
"267557408085","Crafts Enameled Yellow & Green Butterfly Trinket Box, Accented with Aus...",,30,"1","FIXED_PRICE","USD",65.0,,,65.0,"0","2","0","Jan-25-26 19:23:21 PST","Jun-25-26 19:23:21 PDT","Boxes, Jars & Tins","13837","","","Used","","","","","","US","","",""
"267558356526",Patagonia All Seasons Hemp Canvas Double Knee Bib Overalls Women Size XS,,25,"0","FIXED_PRICE","USD",59.95,,,59.95,"1","0","0","Jan-26-26 16:41:28 PST","Jun-26-26 16:41:28 PDT","Pants","63863","","","Pre-owned - Good","","","","","","US","","",""
"267558360887",Carhartt Jacket Youth XXS 4-5 Duck Brown Quilted Lining Hooded Boys Zipper Coat,,9,"1","FIXED_PRICE","USD",49.95,,,49.95,"0","4","0","Jan-26-26 16:47:51 PST","Jun-26-26 16:47:51 PDT","Outerwear","51933","","","New without tags","","","","","","US","","",""
"267558364281",Moerdeng snow ski winter coat jacket blue waterproof Hooded Kids youth sz 14-16,,9,"1","FIXED_PRICE","USD",59.95,,,59.95,"0","1","0","Jan-26-26 16:54:02 PST","Jun-26-26 16:54:02 PDT","Outerwear","155201","","","Pre-owned - Excellent","","","","","","US","Does Not Apply","",""
"267559371238",Vintage Pro player Los Angeles Lakers jacket windbreaker  XXL Mens Full zip NBA,,10,"1","FIXED_PRICE","USD",99.95,,,99.95,"0","","","Jan-27-26 15:47:01 PST","Jun-27-26 15:47:01 PDT","Basketball-NBA","24442","","","Used","","","","","","US","Does not apply","",""
"267559582272",Anaheim Angels True Fan Jersey Mens Med Major League Baseball MLB Button Down,,,"1","FIXED_PRICE","USD",44.95,,,44.95,"0","1","0","Jan-27-26 20:28:05 PST","Jun-27-26 20:28:05 PDT","Baseball-MLB","24410","","","Used","","","","","","US","Does not apply","",""
"267559589072",DUCK HEAD 1865 Field Canvas Five Pocket Pants Khaki Men's Size 36x36 msrp $118,,,"0","FIXED_PRICE","USD",34.99,,,34.99,"1","2","0","Jan-27-26 20:38:34 PST","Jun-27-26 20:38:34 PDT","Pants","57989","","","Pre-owned - Fair","","","","","","US","","",""
"267559591457",Cabi Womens Jacket Size L Gray Quilted Offset Zipper Coat,,,"1","FIXED_PRICE","USD",34.95,,,34.95,"0","","","Jan-27-26 20:44:43 PST","Jun-27-26 20:44:43 PDT","Coats, Jackets & Vests","63862","","","Pre-owned - Good","","","","","","US","","",""
"267559593415",Vintage Majestic MLB Los Angeles Dodgers Authentic Jersey Mens XL Made In USA ,,,"1","FIXED_PRICE","USD",64.99,,,64.99,"0","3","0","Jan-27-26 20:48:44 PST","Jun-27-26 20:48:44 PDT","Baseball-MLB","24410","","","Used","","","","","","US","Does not apply","",""
"267559595175",Majestic Los Angeles Dodgers Jersey Gray Away MLB Baseball Large,,,"0","FIXED_PRICE","USD",124.99,,,124.99,"1","1","0","Jan-27-26 20:52:12 PST","Jun-27-26 20:52:12 PDT","Baseball-MLB","24410","","","Used","","","","","","US","","",""
"267559609234",Ermenegildo Zegna Men Gray Sport Coat SOFT Wool Jacket 4 Button Blazer 44 R,,,"1","FIXED_PRICE","USD",65.0,,,65.0,"0","","","Jan-27-26 21:13:19 PST","Jun-27-26 21:13:19 PDT","Coats, Jackets & Vests","57988","","","Pre-owned - Good","","","","","","US","","",""
"267564219469","Lululemon City Sleek HR 5 Pkt Short 4"" -  $84 MSRP - True Navy - Size 28",,,"0","FIXED_PRICE","USD",34.99,,,34.99,"1","0","0","Feb-01-26 11:26:35 PST","Jul-01-26 11:26:35 PDT","Activewear Shorts","260955","","","Pre-owned - Excellent","","","","","","US","Does not apply","",""
"267564222269","Lululemon Women's City Sleek HR 5 PKT Short 4"" - $84 MSRP - Black - Size 28",,,"0","FIXED_PRICE","USD",34.99,,,34.99,"1","2","0","Feb-01-26 11:30:29 PST","Jul-01-26 11:30:29 PDT","Activewear Shorts","260955","","","Pre-owned - Excellent","","","","","","US","Does not apply","",""
"267568349011",Los Dodgers Nike Jersey Men’s Large 48 Gray Julio Urias Stitched MLB Baseball,,13,"0","FIXED_PRICE","USD",44.95,,,44.95,"1","3","0","Feb-05-26 10:47:41 PST","Jul-05-26 10:47:41 PDT","Baseball-MLB","24410","","","Used","","","","","","US","","",""
"267568355469",Toddler Boys Nike Summer 2pc Outfit Shirt/Shorts Size 2TNWT,,,"1","FIXED_PRICE","USD",40.0,,,40.0,"0","","","Feb-05-26 10:58:22 PST","Jul-05-26 10:58:22 PDT","Outfits & Sets","260024","","","New with tags","","","","","","US","Does not apply","",""
"267568359489","NIKE SPORT AUTHENTIC TODDLERS GIRLS BRAND NEW ORIGINAL 2Pc SET Size 4T, NWT",,,"1","FIXED_PRICE","USD",40.0,,,40.0,"0","","","Feb-05-26 11:05:16 PST","Jul-05-26 11:05:16 PDT","Outfits & Sets","156801","","","New with tags","","","","","","US","","",""
"267568784575",Boys Lionel Messi Collection 2 Piece Sweats And SweatPants Set 3t,,7 608/610 f1 and 623 f2,"3","FIXED_PRICE","USD",39.0,,,39.0,"0","","","Feb-05-26 21:05:54 PST","Jul-05-26 21:05:54 PDT","Outfits & Sets","156790","","","New with tags","","","","","","US","","",""
"267568784641",Boys Lionel Messi Collection 2 Piece Sweats And SweatPants Set 2t,,7 606/607 f1,"2","FIXED_PRICE","USD",39.0,,,39.0,"0","","","Feb-05-26 21:05:59 PST","Jul-05-26 21:05:59 PDT","Outfits & Sets","156790","","","New with tags","","","","","","US","","",""
"267568793244",LW1RU538 Levi's Women's 538 Moto jacket size Small Brown,,18,"1","FIXED_PRICE","USD",54.0,,,54.0,"0","","","Feb-05-26 21:20:25 PST","Jul-05-26 21:20:25 PDT","Coats, Jackets & Vests","63862","","","New with tags","","","","","","US","","",""
"267568793248","Levi's Tuli Corduroy Women Mini Dress, L 100% Cotton, Pockets, Slim fit NWT",,F1 383,"1","FIXED_PRICE","USD",41.0,,,41.0,"0","1","0","Feb-05-26 21:20:27 PST","Jul-05-26 21:20:27 PDT","Dresses","63861","","","New with tags","","","","","","US","","",""
"267570080423",Monster Jam Hot Wheels Truck Lot  | 1:64 Scale Diecast | Mixed Models,,,"1","FIXED_PRICE","USD",40.0,,,40.0,"0","","","Feb-07-26 10:46:33 PST","Jul-07-26 10:46:33 PDT","Contemporary Manufacture","180506","","","Used","","","","","","US","","",""
"267571771548",20 Vintage Trucker Hat Lot Snapback 80s 90s Y2K USA Advertising Promo Rope Cap,,lot 2 misc 2,"1","FIXED_PRICE","USD",40.0,,,40.0,"0","","","Feb-09-26 10:15:00 PST","Jul-09-26 10:15:00 PDT","Hats","52365","","","Pre-owned - Good","","","","","","US","","",""
"267571773024",20 Vintage Trucker Hat Lot Snapback 80s 90s Y2K USA Advertising Promo Rope Cap,,misc 2,"1","FIXED_PRICE","USD",40.0,,,40.0,"0","","","Feb-09-26 10:16:41 PST","Jul-09-26 10:16:41 PDT","Hats","52365","","","Pre-owned - Good","","","","","","US","","",""
"267571774112",20 Vintage Trucker Hat Lot Snapback 80s 90s Y2K USA Advertising Promo Rope Cap,,misc 2,"1","FIXED_PRICE","USD",40.0,,,40.0,"0","","","Feb-09-26 10:18:22 PST","Jul-09-26 10:18:22 PDT","Hats","52365","","","Pre-owned - Good","","","","","","US","","",""
"267571774796",10 Vintage Trucker Hat Lot Snapback 80s 90s Y2K USA Advertising Promo Rope Cap,,,"1","FIXED_PRICE","USD",30.0,,,30.0,"0","","","Feb-09-26 10:20:04 PST","Jul-09-26 10:20:04 PDT","Hats","52365","","","Pre-owned - Good","","","","","","US","","",""
"267574498357","Lululemon Wunder Under High Rise Leggings 28"" Washed Blue Size 6",,F2 0469,"0","FIXED_PRICE","USD",32.0,,,32.0,"1","1","0","Feb-12-26 09:51:25 PST","Jul-12-26 09:51:25 PDT","Activewear Pants","260954","","","Pre-owned - Excellent","","","","","","US","","",""
"267574498958",Lululemon Smooth Stride Tight 4 Black Slim Fit Mesh Trim 4 Way Stretch LW5AGLS,,F2 0474,"0","FIXED_PRICE","USD",32.0,,,32.0,"1","1","0","Feb-12-26 09:52:45 PST","Jul-12-26 09:52:45 PDT","Activewear Pants","260954","","","Pre-owned - Excellent","","","","","","US","","",""
"267574499927",Lululemon Wunder Under HR Tight 28” Inseam *FLUX Size 4Rustic Coral EUC,,F2 0449,"0","FIXED_PRICE","USD",28.0,,,28.0,"1","0","0","Feb-12-26 09:54:21 PST","Jul-12-26 09:54:21 PDT","Activewear Pants","260954","","","Pre-owned - Excellent","","","","","","US","","",""
"267587711473",Hoka Mach 6 Men's Size 12.5 Lightweight Cushioned Running Shoes Retail $140,,25,"1","FIXED_PRICE","USD",79.99,,,79.99,"0","0","0","Feb-26-26 11:49:41 PST","Jun-26-26 11:49:41 PDT","Athletic Shoes","15709","","","Pre-owned - Good","","","","","","US","","",""
"267587713812",On Cloud 5 Blue Athletic Running Walking Shoes Sneakers 59.98162 Mens Size 11,,,"0","FIXED_PRICE","USD",69.99,,,69.99,"1","1","0","Feb-26-26 11:53:10 PST","Jun-26-26 11:53:10 PDT","Athletic Shoes","15709","","","Pre-owned - Good","","","","","","US","","",""
"267587851252",Calvin Klein Obsession Eau de Parfum for Women 3.3 fl oz 100ml Made in France,,,"1","FIXED_PRICE","USD",99.99,,,99.99,"0","1","0","Feb-26-26 13:45:08 PST","Jun-26-26 13:45:08 PDT","1950-1979","156528","","","New","","","","","","US","","",""
"267587934581",Vintage PRESCRIPTIVES CALYX Exhilarating Fragrance 1.7oz / 50ml  Rare OG Formula,,,"1","FIXED_PRICE","USD",149.99,,,149.99,"0","4","0","Feb-26-26 15:21:09 PST","Jun-26-26 15:21:09 PDT","Other Perfume Collectibles","602","","","Used","","","","","","US","","",""
"267589175643",Guerlain Samsara Eau de Parfum EDP Mini Miniature Sample Vintage 1990 Batch,,,"0","FIXED_PRICE","USD",74.99,,,74.99,"1","2","0","Feb-27-26 21:20:16 PST","Jun-27-26 21:20:16 PDT","Women's Fragrances","11848","","","New without box","","","","","","US","","",""
"267592121085",LEGO Star Wars Bounty Hunter Assault Gunship 7930 Built Set As Is,,,"1","FIXED_PRICE","USD",65.0,,,65.0,"0","3","0","Mar-02-26 09:35:17 PST","Jul-02-26 09:35:17 PDT","LEGO (R) Complete Sets & Packs","19006","","","Used","","","","","","US","","",""
"267592477578",Vintage Rare Salvatore Ferragamo Tassel Loafers Cognac Brown 7.5AA Women's,,,"1","FIXED_PRICE","USD",76.0,,,76.0,"0","3","0","Mar-02-26 17:43:31 PST","Jul-02-26 17:43:31 PDT","Flats","45333","","","Pre-owned - Excellent","","","","","","US","","",""
"267592478902",Vintage Rare Salvatore Ferragamo Vara Bow Loafers Black Suede 7.5AA Women's,,,"0","FIXED_PRICE","USD",100.0,,,100.0,"1","4","0","Mar-02-26 17:45:24 PST","Jul-02-26 17:45:24 PDT","Flats","45333","","","Pre-owned - Excellent","","","","","","US","","",""
"267592489062",Christian Dior Dioressence 3.4 oz Eau De Toilette Spray,,,"1","FIXED_PRICE","USD",175.0,,,175.0,"0","2","0","Mar-02-26 18:05:33 PST","Jul-02-26 18:05:33 PDT","Women's Fragrances","11848","","","New with box","","","","","","US","","",""
"267592491552",Vintage DUNE by Christian Dior 1.7 OZ / 50 ml Eau de Toilette Spray Sealed Box,,,"0","FIXED_PRICE","USD",175.0,,,175.0,"1","7","0","Mar-02-26 18:09:09 PST","Jul-02-26 18:09:09 PDT","Women's Fragrances","11848","","","New with box","","","","","","US","","",""
"267592494801",Vintage Rare Salvatore Ferragamo Gancini Loafers Black Square Toe 7.5 AA Women's,,,"1","FIXED_PRICE","USD",100.0,,,100.0,"0","2","0","Mar-02-26 18:12:22 PST","Jul-02-26 18:12:22 PDT","Heels","55793","","","Pre-owned - Excellent","","","","","","US","","",""
"267595256157","Hawthorne Christmas ""A Little Less Conversation"" Library Elvis Holiday Village",,,"0","FIXED_PRICE","USD",130.0,,,130.0,"1","3","0","Mar-05-26 09:49:50 PST","Jul-05-26 09:49:50 PDT","Villages & Houses","261646","","","New","","","","","","US","","",""
"267598567712",Los Angeles Dodgers New Era  St. Patricks Day 59FIFTY Fitted Hat - Green,,8,"1","FIXED_PRICE","USD",40.0,,,40.0,"0","3","0","Mar-08-26 22:45:43 PDT","Jul-08-26 22:45:43 PDT","Baseball-MLB","24410","","","Used","","","","","","US","","",""
"267598571784",New Era Mens Los Angeles Dodgers Fitted Hat 7 1/2 Yellow purple 59Fifty,,8,"1","FIXED_PRICE","USD",40.0,,,40.0,"0","7","0","Mar-08-26 22:51:03 PDT","Jul-08-26 22:51:03 PDT","Baseball-MLB","24410","","","New","","","","","","US","","",""
"267598575069","LOS ANGELES DODGERS 59FIFTY NEW ERA BLUE WHITE ""D"" LOGO FITTED HAT",,8,"0","FIXED_PRICE","USD",40.0,,,40.0,"1","2","0","Mar-08-26 22:59:28 PDT","Jul-08-26 22:59:28 PDT","Hats","52365","","","New with tags","","","","","","US","","",""
"267599212025",Supreme Blue Adjustable 5 Panel Hat Men Designer Casual adjustable,,,"0","FIXED_PRICE","USD",99.99,,,99.99,"1","1","0","Mar-09-26 16:13:46 PDT","Jul-09-26 16:13:46 PDT","Hats","52365","","","New without tags","","","","","","US","","",""
"267600473722",YETI Rambler 16 oz Colster Tall Can Insulator DISCONTINUED Nordic Blue,,,"0","FIXED_PRICE","USD",55.0,,,55.0,"1","0","0","Mar-10-26 18:52:15 PDT","Jul-10-26 18:52:15 PDT","Vacuum Flasks & Mugs","177006","","","New other (see details)","","","","","","US","","",""
"267600479585",Vintage U.S. Navy Metal Mug Guy Robert Bostain Pewter Tankard Military,,13,"0","FIXED_PRICE","USD",55.0,,,55.0,"1","2","0","Mar-10-26 19:04:53 PDT","Jul-10-26 19:04:53 PDT","Navy","66533","","","Used","","","","","","US","","",""
"267607042996",2 BitterMelon Starter Plant With Pot 6”Bitter Gourd Ready To Plant Free Shipping,,,"0","FIXED_PRICE","USD",49.99,,,49.99,"1","1","0","Mar-14-26 19:48:06 PDT","Jun-14-26 19:48:06 PDT","Seeds & Bulbs","40605","","","","","","","","","US","Does not apply","",""
"267611488199",Womens Vintage Salvatore Ferragamo Acerba White Classic Low Heel Pumps 7.5 AA,,,"1","FIXED_PRICE","USD",90.0,,,90.0,"0","0","0","Mar-17-26 15:03:41 PDT","Jun-17-26 15:03:41 PDT","Heels","55793","","","Pre-owned - Good","","","","","","US","","",""
"267611493909",Womens Vintage Salvatore Ferragamo Dia Red Classic Low Heel Pumps 7.5 AA,,,"1","FIXED_PRICE","USD",80.0,,,80.0,"0","1","0","Mar-17-26 15:07:14 PDT","Jun-17-26 15:07:14 PDT","Heels","55793","","","Pre-owned - Good","","","","","","US","","",""
"267617046518",Antique Dayagi Heavy weight bronze 9 heads jewish Izrael Menorah Mosaic,,,"0","FIXED_PRICE","USD",85.0,,,85.0,"1","1","0","Mar-22-26 16:18:22 PDT","Jun-22-26 16:18:22 PDT","Menorahs","13775","","","Used","","","","","","US","","",""
"267617054299",adidas Crazy 97 EQT Elevation Kobe Bryant Dunk Contest 2022 GY4520 Men’s Size 10,,45,"1","FIXED_PRICE","USD",147.99,,,147.99,"0","11","0","Mar-22-26 16:29:31 PDT","Jun-22-26 16:29:31 PDT","Athletic Shoes","15709","","","New with box","","","","","","US","","",""
"267617221005",New York Jets Vintage Strapback Cap Hat,,,"1","FIXED_PRICE","USD",29.95,,,29.95,"0","","","Mar-23-26 17:00:01 PDT","Jun-23-26 17:00:01 PDT","Football-NFL","206","","","New","","","","","","US","","",""
"267617247821",Vintage Atlanta Braves Hat Cap Snapback MLB AnnCo 90s Logo,,,"0","FIXED_PRICE","USD",34.5,,,34.5,"1","3","0","Mar-26-26 17:00:01 PDT","Jun-26-26 17:00:01 PDT","Baseball-MLB","24410","","","New","","","","","","US","","",""
"267617250939","San Diego Padres MLB NE 2016 ""Team Classic ALT""  Flex-Fit Hat ~Blue",,,"0","FIXED_PRICE","USD",29.95,,,29.95,"1","0","0","Mar-27-26 17:00:01 PDT","Jun-27-26 17:00:01 PDT","Baseball-MLB","24410","","","New","","","","","","US","","",""
"267617256872",Adidas-Climalite Hat NBA Los Angeles LA Clippers-White/Red/Blue-Flex Fit-S/M-Cap,,,"1","FIXED_PRICE","USD",19.95,,,19.95,"0","","","Mar-28-26 17:00:01 PDT","Jun-28-26 17:00:01 PDT","Basketball-NBA","24442","","","New","","","","","","US","","",""
"267617258050",Vintage New York Giants Hat Cap Strap Back Mens One Size Blue NFL FDNY Y2K 7 3/8,,,"1","FIXED_PRICE","USD",24.99,,,24.99,"0","","","Mar-29-26 17:00:01 PDT","Jun-29-26 17:00:01 PDT","Football-NFL","206","","","New","","","","","","US","","",""
"267617259157",VINTAGE Boston Red Sox Snapback Hat Cap American Needle  Navy/Red,,,"0","FIXED_PRICE","USD",34.95,,,34.95,"1","2","0","Mar-30-26 17:00:01 PDT","Jun-30-26 17:00:01 PDT","Baseball-MLB","24410","","","New","","","","","","US","","",""
"267617260843",Cabelas Premier Northern Goose Down Parka Jacket M Coat Hooded Hunting Filson,,,"1","FIXED_PRICE","USD",120.0,,,120.0,"0","5","0","Mar-31-26 17:00:01 PDT","Jun-30-26 17:00:01 PDT","Coats, Jackets & Vests","57988","","","Pre-owned - Excellent","","","","","","US","","",""
"267617261518",Trader Joes Mini Canvas Totes Reusable Bags Set of 3 Brand New Yellow Green Red,,,"0","FIXED_PRICE","USD",35.0,,,35.0,"1","1","0","Apr-01-26 17:00:01 PDT","Jul-01-26 17:00:01 PDT","Reusable Shopping Bags","169302","","","New","","","","","","US","","",""
"267620317290",Vintage Dept 56 The Original Snow Village - “Carpenter Gothic Bed & Breakfast”,,,"1","FIXED_PRICE","USD",155.0,,,155.0,"0","4","0","Mar-25-26 20:49:30 PDT","Jun-25-26 20:49:30 PDT","Villages & Houses","261646","","","New","","","","","","US","","",""
"267620345015","DEPT 56 SNOW VILLAGE ""HITCH UP THE BUCKBOARD"" NEW RETIRED ORIGINAL PACKAGE",,,"1","FIXED_PRICE","USD",45.0,,,45.0,"0","1","0","Mar-25-26 21:22:36 PDT","Jun-25-26 21:22:36 PDT","Villages & Houses","261646","","","New","","","","","","US","","",""
"267621437701",925 Sterling Silver Ring Round Simulated Cz Gemstone Enamel Flower Jewelry Sz 7,,,"1","FIXED_PRICE","USD",79.99,,,79.99,"0","1","0","Mar-27-26 07:00:01 PDT","Jun-27-26 07:00:01 PDT","Rings","261994","","","New without packaging","","","","","","US","Does not apply","",""
"267621450699",Vintage-Style Sterling Silver Butterfly Ring | Peridot & Garnet Accent Size 8,,,"1","FIXED_PRICE","USD",79.99,,,79.99,"0","4","0","Mar-27-26 19:00:01 PDT","Jun-27-26 19:00:01 PDT","Rings","261994","","","Pre-owned - Excellent","","","","","","US","Does not apply","",""
"267625576654",Vintage Style Cushion Cut Green Peridot & White Topaz/CZ Ring 925 Silver. Size 8,,,"1","FIXED_PRICE","USD",79.99,,,79.99,"0","1","0","Mar-31-26 14:42:34 PDT","Jun-30-26 14:42:34 PDT","Rings","261994","","","Pre-owned - Excellent","","","","","","US","Does not apply","",""
"267630002855",Dodgers 2024 WORLD SERIES CHAMPIONS New Era 59FIFTY Fitted Cap 7 1/8 (RARE),,,"1","FIXED_PRICE","USD",30.0,,,30.0,"0","","","Apr-04-26 18:00:01 PDT","Jul-04-26 18:00:01 PDT","Baseball-MLB","24410","","","Used","","","","","","US","","",""
"267630004057",Five Nights At Freddy’s Gold Collector Bundle Figure Head Talking PiggyBnk Works,,,"0","FIXED_PRICE","USD",35.0,,,35.0,"1","2","0","Apr-05-26 18:00:01 PDT","Jul-05-26 18:00:01 PDT","Video Game Merchandise","38583","","","Used","","","","","","US","","",""
"267630006135",Sugoi Zap Bike Jacket Reflective Waterproof Men's Med Lit Yellow Green Neo Color,,,"1","FIXED_PRICE","USD",35.0,,,35.0,"0","4","0","Apr-06-26 18:00:01 PDT","Jul-06-26 18:00:01 PDT","Jackets","36124","","","Pre-owned","","","","","","US","Does Not Apply","",""
"267630007884",Carhartt Pants Mens Gray Rugged Flex Carpenter Work Relaxed Fits 38x30,,,"1","FIXED_PRICE","USD",35.0,,,35.0,"0","","","Apr-07-26 18:00:01 PDT","Jul-07-26 18:00:01 PDT","Pants","57989","","","New with tags","","","","","","US","","",""
"267630019695",Vintage Cabelas Jacket Mens Size XL Advantage Timber Camo Gore-Tex Made In USA,,,"1","FIXED_PRICE","USD",125.0,,,125.0,"0","1","0","Apr-04-26 17:09:58 PDT","Jul-04-26 17:09:58 PDT","Coats & Jackets","177868","","","Pre-owned","","","","","","US","","",""
"267630050162",FootJoy Mens 38 Blue White Micro Stripe Performance Golf Shorts,,,"1","FIXED_PRICE","USD",25.0,,,25.0,"0","0","0","Apr-10-26 18:00:01 PDT","Jul-10-26 18:00:01 PDT","Shorts","181139","","","Pre-owned","","","","","","US","","",""
"267630055318",Alo Yoga Airlift Fuse Mock Neck Cutout Back Bra Tank Top in Gray Size Medium,,,"0","FIXED_PRICE","USD",29.95,,,29.95,"1","2","0","Apr-11-26 18:00:01 PDT","Jul-11-26 18:00:01 PDT","Activewear Tops","185082","","","Pre-owned - Excellent","","","","","","US","","",""
"267630057356",Vintage Syracuse T-Shirt - Mens Size XL - Blue Short Sleeve Single Stitch,,,"1","FIXED_PRICE","USD",39.95,,,39.95,"0","","","Apr-13-26 18:00:01 PDT","Jul-13-26 18:00:01 PDT","T-Shirts","15687","","","New with tags","","","","","","US","","",""
"267630058131",Minnesota Vikings NFL Hat Cap SnapBack 47,,,"1","FIXED_PRICE","USD",25.0,,,25.0,"0","0","0","Apr-14-26 18:00:01 PDT","Jun-14-26 18:00:01 PDT","Football-NFL","206","","","New","","","","","","US","","",""
"267630058962",Minnesota Vikings ‘47 Clean Up Adjustable Purple Hat NWOT  NFL,,,"1","FIXED_PRICE","USD",20.0,,,20.0,"0","","","Apr-15-26 18:00:01 PDT","Jun-15-26 18:00:01 PDT","Football-NFL","206","","","New","","","","","","US","","",""
"267630067500",Cabela’s Dry Plus Jacket Mens L Camo Hunting - Ceclusion Classic Pattern,,,"1","FIXED_PRICE","USD",109.0,,,109.0,"0","2","0","Apr-04-26 18:38:40 PDT","Jul-04-26 18:38:40 PDT","Coats & Jackets","177868","","","Pre-owned","","","","","","US","Does not apply","",""
"267630843409",2 BitterMelon Starter Plant With Pot 6”Bitter Gourd Ready To Plant Free Shipping,,,"0","FIXED_PRICE","USD",49.99,,,49.99,"1","1","0","Apr-05-26 15:54:30 PDT","Jul-05-26 15:54:30 PDT","Seeds & Bulbs","40605","","","","","","","","","US","Does not apply","",""
"267631918118",OSSUR Rebound Post Op Universal Knee Brace Gray Adjustable Size,,,"0","FIXED_PRICE","USD",35.0,,,35.0,"1","0","0","Apr-18-26 18:00:01 PDT","Jun-18-26 18:00:01 PDT","Orthotics, Braces & Sleeves","19264","","","Used","","","","","","US","","",""
"267631924280",Hudson Jeans Byron Ballistic Straight Leg Jeans - 36,,,"1","FIXED_PRICE","USD",35.0,,,35.0,"0","0","0","Apr-20-26 18:00:01 PDT","Jun-20-26 18:00:01 PDT","Jeans","11483","","","Pre-owned - Good","","","","","","US","","",""
"267631925768",Vtg 90s The North Face Windbreaker Hooded Jacket Men's size L Purple/Black,,,"1","FIXED_PRICE","USD",60.0,,,60.0,"0","2","0","Apr-21-26 18:00:01 PDT","Jun-21-26 18:00:01 PDT","Coats, Jackets & Vests","57988","","","Pre-owned - Good","","","","","","US","","",""
"267631930564",Hoka One One Speedgoat 5 GTX Shoes Womens Size 10 Blue Trail Running Gore-Tex,,S2 -2,"1","FIXED_PRICE","USD",55.0,,,55.0,"0","0","0","Apr-23-26 18:00:01 PDT","Jun-23-26 18:00:01 PDT","Athletic Shoes","95672","","","Pre-owned - Good","","","","","","US","","",""
"267631934500",Size 9.5 - Hoka One One HOKA Mach 6 Frost Aqua,,S 1 -5,"1","FIXED_PRICE","USD",55.0,,,55.0,"0","2","0","Apr-25-26 18:00:01 PDT","Jun-25-26 18:00:01 PDT","Athletic Shoes","95672","","","Pre-owned - Good","","","","","","US","","",""
"267631936510",Hoka One One Gaviota 5 Wide Women's Size US 12 Harbor Mist Rose Gold Sneakers.,,S1 -4,"1","FIXED_PRICE","USD",59.99,,,59.99,"0","2","0","Apr-27-26 18:00:01 PDT","Jun-27-26 18:00:01 PDT","Athletic Shoes","95672","","","Pre-owned - Good","","","","","","US","","",""
"267631939838",Hoka One One Speedgoat 5 Womans 7 B Shoes Running Trail Hiking Sneakers,,S 2 -3,"0","FIXED_PRICE","USD",59.0,,,59.0,"1","0","0","Apr-07-26 18:00:01 PDT","Jul-07-26 18:00:01 PDT","Athletic Shoes","95672","","","Pre-owned - Good","","","","","","US","","",""
"267631940929",Hoka One One Mach 6 Frost White Blue Running Shoes Women's US 9.5  B.,,S 1 -2,"1","FIXED_PRICE","USD",59.99,,,59.99,"0","","","Apr-08-26 18:00:01 PDT","Jul-08-26 18:00:01 PDT","Athletic Shoes","95672","","","Pre-owned - Good","","","","","","US","","",""
"267631943351",Hoka One One Mach 6 Womens Black And White Size 7.5 Running Shoes 1147810 BWHT,,S4.6,"1","FIXED_PRICE","USD",49.95,,,49.95,"0","","","Apr-09-26 18:00:01 PDT","Jul-09-26 18:00:01 PDT","Athletic Shoes","95672","","","Pre-owned - Good","","","","","","US","","",""
"267631945996",Hoka One One Men's Mach 6 Black White Size 10.5 Used,,S3 -6,"1","FIXED_PRICE","USD",49.0,,,49.0,"0","1","0","Apr-10-26 18:00:01 PDT","Jul-10-26 18:00:01 PDT","Athletic Shoes","15709","","","Pre-owned - Good","","","","","","US","","",""
"267632244797",Vintage Lenox Great Castles Of The World Taj Mahal 1995,,,"1","FIXED_PRICE","USD",65.0,,,65.0,"0","","","Apr-07-26 09:29:40 PDT","Jul-07-26 09:29:40 PDT","Sculptures & Figurines","261628","","","Used","","","","","","US","","",""
"267632244827",Vintage Lenox Great Castles Of The World Pena rare collectible,,,"1","FIXED_PRICE","USD",58.0,,,58.0,"0","","","Apr-07-26 09:29:43 PDT","Jul-07-26 09:29:43 PDT","Sculptures & Figurines","261628","","","Used","","","","","","US","","",""
"267632246938",Lenox Great Castle Of The World “Tower of London” 1995,,,"1","FIXED_PRICE","USD",58.0,,,58.0,"0","1","0","Apr-07-26 09:32:03 PDT","Jul-07-26 09:32:03 PDT","Other Decorative Collectibles","73467","","","Used","","","","","","US","","",""
"267634183593",Vintage Gucci Horsebit Loafers Men Black Leather 10 D Dress Shoe Italy Slip On,,,"0","FIXED_PRICE","USD",349.0,,,349.0,"1","3","0","Apr-09-26 11:02:16 PDT","Jul-09-26 11:02:16 PDT","Dress Shoes","53120","","","Pre-owned - Excellent","","","","","","US","","",""
"267634204616",Your Breed Baseball Cap Boston Terrier Embroidered Zippered Pocket Blue/Gray,,,"1","FIXED_PRICE","USD",15.0,,,15.0,"0","","","Apr-09-26 18:00:01 PDT","Jul-09-26 18:00:01 PDT","Hats","52365","","","Pre-owned - Good","","","","","","US","","",""
"267634215983","Lanky Box Lot Lanky Box Figures, Plush and Toys Lot Bundle Mini Figures",,,"1","FIXED_PRICE","USD",49.0,,,49.0,"0","2","0","Apr-09-26 11:51:16 PDT","Jul-09-26 11:51:16 PDT","Action Figures","261068","","","Used","","","","","","US","","",""
"267634218043",Vivid YouTuber Merch Trucker Hat Cap Black White Foam,,,"1","FIXED_PRICE","USD",5.0,,,5.0,"0","","","Apr-10-26 18:00:01 PDT","Jul-10-26 18:00:01 PDT","Hats","52365","","","Pre-owned - Fair","","","","","","US","","",""
"267636116928","We, The Pizza Black Mesh Trucker Hat Snapback Embroidered Logo",,,"1","FIXED_PRICE","USD",5.0,,,5.0,"0","","","Apr-28-26 18:00:01 PDT","Jun-28-26 18:00:01 PDT","Men's Hats","163619","","","Pre-owned","","","","","","US","","",""
"267636910696",Camp Innovate Blue Hat Adjustable Adult Size OSFA Blue Hat Baseball Cap,,,"1","FIXED_PRICE","USD",5.0,,,5.0,"0","","","Apr-29-26 18:00:01 PDT","Jun-29-26 18:00:01 PDT","Hats","52365","","","Pre-owned - Good","","","","","","US","","",""
"267636913471",Mens Cuss Word Hat Adjustable  Black Majestic By Classic,,,"1","FIXED_PRICE","USD",5.0,,,5.0,"0","","","Apr-30-26 18:00:01 PDT","Jun-30-26 18:00:01 PDT","Hats","52365","","","Pre-owned - Fair","","","","","","US","","",""
"267636922004",Vintage - Sailfish Print Fishing - Baseball Cap Hat 🧢,,,"1","FIXED_PRICE","USD",10.0,,,10.0,"0","1","0","May-01-26 18:00:01 PDT","Jul-01-26 18:00:01 PDT","Hats","52365","","","Pre-owned - Good","","","","","","US","","",""
"267637090130",Richardson Renewable Energy Baseball Cap Snapback,,,"1","FIXED_PRICE","USD",15.0,,,15.0,"0","","","May-02-26 18:00:01 PDT","Jul-02-26 18:00:01 PDT","Hats","52365","","","Pre-owned - Good","","","","","","US","","",""
"267637098127",21 Old Time Hockey Embroidered Adjustable Hat,,,"1","FIXED_PRICE","USD",5.0,,,5.0,"0","","","May-03-26 06:01:01 PDT","Jul-03-26 06:01:01 PDT","Hats","52365","","","Pre-owned - Good","","","","","","US","","",""
"267639233054",COACH leather wallet purple signature pattern with snap closure,,,"0","FIXED_PRICE","USD",70.0,,,70.0,"1","0","0","Apr-14-26 17:00:01 PDT","Jul-14-26 17:00:01 PDT","Wallets","45258","","","Pre-owned - Excellent","","","","","","US","","",""
"267639241359",Purple Coach Card Case,,,"0","FIXED_PRICE","USD",50.0,,,50.0,"1","0","0","Apr-14-26 17:00:01 PDT","Jul-14-26 17:00:01 PDT","Wallets","45258","","","Pre-owned - Excellent","","","","","","US","","",""
"267639467198",Coach Wallet/Camera Wristlet In Signature Canvas Purple,,,"0","FIXED_PRICE","USD",55.0,,,55.0,"1","21","0","Apr-14-26 17:00:01 PDT","Jul-14-26 17:00:01 PDT","Wallets","45258","","","Pre-owned - Excellent","","","","","","US","","",""
"267639662142","BUNH MI YUMMI Dad Hat, Patch, Tan, Beachware, NICE",,,"1","FIXED_PRICE","USD",5.0,,,5.0,"0","","","May-04-26 18:00:01 PDT","Jul-04-26 18:00:01 PDT","Hats","52365","","","Pre-owned - Fair","","","","","","US","","",""
"267639665241",Truper Running Hat Baseball Cap Neon Green Unisex Adult OSFM Adjustable Light,,,"1","FIXED_PRICE","USD",5.0,,,5.0,"0","1","0","May-05-26 18:00:01 PDT","Jul-05-26 18:00:01 PDT","Hats","52365","","","Pre-owned - Good","","","","","","US","","",""
"267643911335",Vintage Michigan Wolverines Starter Wool and Leather Varsity College Jacket XL,,,"1","FIXED_PRICE","USD",200.0,,,200.0,"0","4","0","Apr-18-26 17:00:01 PDT","Jun-18-26 17:00:01 PDT","College-NCAA","24541","","","Used","","","","","","US","","",""
"267646048022",Orange County National Golf Cat Hat Cap Men Staff,,,"1","FIXED_PRICE","USD",5.0,,,5.0,"0","","","May-06-26 18:00:01 PDT","Jul-06-26 18:00:01 PDT","Golf Visors & Hats","158937","","","Pre-owned","","","","","","US","","",""
"267646049078",CITIZEN black baseball cap Dad Hat,,,"1","FIXED_PRICE","USD",10.0,,,10.0,"0","","","May-07-26 18:00:01 PDT","Jul-07-26 18:00:01 PDT","Hats","52365","","","Pre-owned - Good","","","","","","US","","",""
"267646050262",VNAPLES Florida Hat Baseball Ball Cap ADJUSTABLE Relaxed Fit 3D Embroidered Logo,,,"1","FIXED_PRICE","USD",15.0,,,15.0,"0","","","May-08-26 18:00:01 PDT","Jul-08-26 18:00:01 PDT","Hats","52365","","","Pre-owned - Fair","","","","","","US","Does Not Apply","",""
"267646566020",Challenged Athletes Foundation Snapback Trucker Hat Multi OS Headsweats,,,"1","FIXED_PRICE","USD",15.0,,,15.0,"0","","","May-09-26 18:00:01 PDT","Jul-09-26 18:00:01 PDT","Hats","52365","","","New without tags","","","","","","US","","",""
"267646830570",PLUMBERS Local 101 Adjustable Cap UNIONWEAR Navy Red,,,"1","FIXED_PRICE","USD",5.0,,,5.0,"0","1","0","May-09-26 18:00:01 PDT","Jul-09-26 18:00:01 PDT","Hats","52365","","","Pre-owned - Excellent","","","","","","US","","",""
"267646831485",TGH Tampa General Hospital Strapback Hat Blue OSFM Embroidered Hit Wear,,,"1","FIXED_PRICE","USD",20.0,,,20.0,"0","","","May-10-26 18:00:01 PDT","Jul-10-26 18:00:01 PDT","Hats","52365","","","New with tags","","","","","","US","","",""
"267646833130",Black Pest Select Pacific Headwear Pro Model Trucker Ball cap,,,"1","FIXED_PRICE","USD",15.0,,,15.0,"0","","","May-11-26 18:00:01 PDT","Jul-11-26 18:00:01 PDT","Hats","52365","","","Pre-owned - Excellent","","","","","","US","","",""
"267647752510",Snap-on Baseball Cap Adjustable Black/Red,,,"1","FIXED_PRICE","USD",10.0,,,10.0,"0","","","May-12-26 18:00:01 PDT","Jul-12-26 18:00:01 PDT","Hats","52365","","","Pre-owned - Good","","","","","","US","","",""
"267647754240",High Quality Italia  Baseball 3D Hat Cap with Flag - Embroidered - Adjustable,,,"1","FIXED_PRICE","USD",15.0,,,15.0,"0","","","May-12-26 18:00:01 PDT","Jul-12-26 18:00:01 PDT","Hats","52365","","","Pre-owned - Good","","","","","","US","","",""
"267647756054",Digital Owl Golf Baseball Cap Hat Med Adjustable NWT,,,"1","FIXED_PRICE","USD",5.0,,,5.0,"0","","","Apr-22-26 14:19:59 PDT","Jun-22-26 14:19:59 PDT","Hats","52365","","","New with tags","","","","","","US","","",""
"267650514662",Kentucky Fried Chicken Black Strapback Hat Employee Adjustable Black,,,"1","FIXED_PRICE","USD",13.0,,,13.0,"0","1","0","May-13-26 18:00:01 PDT","Jul-13-26 18:00:01 PDT","Hats","52365","","","Pre-owned - Good","","","","","","US","Does not apply","",""
"267650737982",RoundUp Patch Trucker Hat Cap Snapback Mesh Agricultural Farm,,,"0","FIXED_PRICE","USD",10.0,,,10.0,"1","0","0","May-14-26 18:00:01 PDT","Jun-14-26 18:00:01 PDT","Hats","52365","","","Pre-owned - Excellent","","","","","","US","","",""
"267650743665",Naples Grande American Needle Adjustable Gray Golf Cap Dad Preppy Hat,,,"1","FIXED_PRICE","USD",49.0,,,49.0,"0","2","0","Apr-25-26 16:31:30 PDT","Jun-25-26 16:31:30 PDT","Hats","52365","","","Pre-owned - Good","","","","","","US","","",""
"267651858332",Vintage Snapback Trucker Hat Funny Adult Humor Hat Novelty Gift,,,"1","FIXED_PRICE","USD",15.0,,,15.0,"0","3","0","May-15-26 18:00:01 PDT","Jun-15-26 18:00:01 PDT","Hats","52365","","","Pre-owned - Fair","","","","","","US","","",""
"267651859307",Vans Off the Wall Pink Hat Foam Rope Trucker Mesh Back Adjustable Snapback Cap,,,"1","FIXED_PRICE","USD",10.0,,,10.0,"0","","","May-16-26 18:00:01 PDT","Jun-16-26 18:00:01 PDT","Hats","52365","","","Pre-owned - Fair","","","","","","US","","",""
"267651859883","FRONTIER AIRLINES ADJUSTABLE STRAPBACK BASEBALL HAT/CAP, RED, OUTDOOR",,,"1","FIXED_PRICE","USD",15.0,,,15.0,"0","","","May-17-26 18:00:01 PDT","Jun-17-26 18:00:01 PDT","Hats","52365","","","Pre-owned - Good","","","","","","US","","",""
"267654363134",1 Chayote Plant With Pot 10” Live Plant Ready To Plant,,,"0","FIXED_PRICE","USD",26.0,,,26.0,"4","5","0","Apr-29-26 13:21:22 PDT","Jun-29-26 13:21:22 PDT","Plants & Seedlings","19617","","","","","","","","","US","","",""
"267655581987",Publix Employee Uniform Hat Black Waffle Mesh Baseball Cap Adjustable HPI,,,"1","FIXED_PRICE","USD",15.0,,,15.0,"0","","","May-18-26 18:00:01 PDT","Jun-18-26 18:00:01 PDT","Hats","163526","","","Pre-owned","","","","","","US","","",""
"267655582254",ONE BLOOD SUPPLY COMPANY BLUE MESH SNAPBACK HAT,,,"1","FIXED_PRICE","USD",15.0,,,15.0,"0","","","May-19-26 18:00:01 PDT","Jun-19-26 18:00:01 PDT","Hats","52365","","","Pre-owned - Excellent","","","","","","US","","",""
"267655582441",Pink Mesh Trucker Hat Adjustable Snapback Cap Y2K Dieslow Women’s Unisex,,,"1","FIXED_PRICE","USD",20.0,,,20.0,"0","","","May-20-26 18:00:01 PDT","Jun-20-26 18:00:01 PDT","Hats","45230","","","Pre-owned - Fair","","","","","","US","","",""
"267655582599","""BIG FISH"" strapback All-over Print Fishing Hat",,,"1","FIXED_PRICE","USD",15.0,,,15.0,"0","1","0","May-21-26 18:00:01 PDT","Jun-21-26 18:00:01 PDT","Hats","52365","","","Pre-owned - Excellent","","","","","","US","","",""
"267657327378",Deep Creek Outfitters Trucker Hat Blue One Size Sportsman,,,"1","FIXED_PRICE","USD",10.0,,,10.0,"0","","","May-22-26 18:00:01 PDT","Jun-22-26 18:00:01 PDT","Hats","52365","","","Pre-owned - Fair","","","","","","US","","",""
"267657328248","Florida Gators ""Lil' Gator"" Infant Hat Top of the World Blue L/XL",,,"1","FIXED_PRICE","USD",10.0,,,10.0,"0","","","May-23-26 06:00:01 PDT","Jun-23-26 06:00:01 PDT","Hats","52365","","","Pre-owned - Fair","","","","","","US","","",""
"267657717331",Vintage 1997 Size Xxl Steer Brand wool Leather Bomber Jacket MGM euc made in USA,,,"1","FIXED_PRICE","USD",250.0,,,250.0,"0","3","0","May-02-26 18:33:48 PDT","Jul-02-26 18:33:48 PDT","Jackets","60288","","","","","","","","","US","","",""
"267657725038",Vintage Adams Strapback Hat Fraternity Blue White Delta Delta Delta Adjustable,,,"1","FIXED_PRICE","USD",10.0,,,10.0,"0","","","May-02-26 18:44:08 PDT","Jul-02-26 18:44:08 PDT","Hats","52365","","","Pre-owned - Good","","","","","","US","","",""
"267658345796",Hurley Baseball Cap Hat Black With Black Logo Yupoong Flex Fit S Med,,,"1","FIXED_PRICE","USD",10.0,,,10.0,"0","","","May-24-26 06:10:01 PDT","Jun-24-26 06:10:01 PDT","Hats","52365","","","Pre-owned - Fair","","","","","","US","Does not apply","",""
"267659726999",Size 8 - Nike Dunk Low Light Silver Corduroy,,,"1","FIXED_PRICE","USD",45.0,,,45.0,"0","","","May-04-26 18:00:01 PDT","Jul-04-26 18:00:01 PDT","Athletic Shoes","95672","","","Pre-owned - Good","","","","","","US","","",""
"267659731783",Men’s New Balance Fresh Foam 680 V8 Running Shoes Black Size 10,,,"1","FIXED_PRICE","USD",25.0,,,25.0,"0","1","0","May-05-26 18:00:01 PDT","Jul-05-26 18:00:01 PDT","Athletic Shoes","15709","","","Pre-owned - Fair","","","","","","US","","",""
"267659736354",Pittsburgh Pirates MLB New Era Hat 39THIRTY Retro’70’s Logo Medium-Large,,,"1","FIXED_PRICE","USD",25.0,,,25.0,"0","3","0","May-06-26 18:00:01 PDT","Jul-06-26 18:00:01 PDT","Baseball-MLB","24410","","","Used","","","","","","US","Does not apply","",""
"267659757156",HOKA ONE ONE TenNine Hike GTX Hiking Boot Elderberry/Coastal Shade Womens US 8,,,"1","FIXED_PRICE","USD",140.0,,,140.0,"0","1","0","May-04-26 15:05:01 PDT","Jul-04-26 15:05:01 PDT","Women's","181393","","","New with box","","","","","","US","","",""
"267659766027",MICHAEL Michael Kors Brown Packable Down Jacket Large,,20,"1","FIXED_PRICE","USD",35.0,,,35.0,"0","","","May-04-26 15:20:26 PDT","Jul-04-26 15:20:26 PDT","Coats, Jackets & Vests","63862","","","Pre-owned - Good","","","","","","US","","",""
"267659796554",Equinox Woman’s Gym Athletic Workout Jacket Black Small Stretch Shoulder Zip,,a1 365,"1","FIXED_PRICE","USD",60.0,,,60.0,"0","1","0","May-04-26 15:50:31 PDT","Jul-04-26 15:50:31 PDT","Coats, Jackets & Vests","63862","","","New with tags","","","","","","US","","",""
"267659907501",2 Pots BitterMelon Starter Plant 6” Bitter Gourd Ready To Plant Free Shipping,,,"2","FIXED_PRICE","USD",49.0,,,49.0,"0","1","0","May-04-26 18:14:05 PDT","Jul-04-26 18:14:05 PDT","Seeds & Bulbs","40605","","","","","","","","","US","Does not apply","",""
"267660735785",DC Comics The Flash Licensed Embroidered Logo Snapback Cap Hat,,,"1","FIXED_PRICE","USD",10.0,,,10.0,"0","","","May-25-26 18:00:01 PDT","Jun-25-26 18:00:01 PDT","Hats","52365","","","Pre-owned - Fair","","","","","","US","Does not apply","",""
"267660736157",Guy Harvey Bluewater Hat Cap Camo Embroidered Billfish Marlin Sailfish,,,"1","FIXED_PRICE","USD",15.0,,,15.0,"0","","","May-26-26 06:00:01 PDT","Jun-26-26 06:00:01 PDT","Hats","52365","","","Pre-owned - Good","","","","","","US","","",""
"267660737732",Toronto Blue Jays New Era 39THIRTY Cap Blue Adjustable Hat MLB,,,"1","FIXED_PRICE","USD",15.0,,,15.0,"0","1","0","May-07-26 18:00:01 PDT","Jul-07-26 18:00:01 PDT","Baseball-MLB","24410","","","Used","","","","","","US","","",""
"267660751344",Air Jordan 11 Retro Space Jam Size 11 378037-041,,,"0","FIXED_PRICE","USD",85.0,,,85.0,"1","1","0","May-05-26 17:30:01 PDT","Jul-05-26 17:30:01 PDT","Athletic Shoes","15709","","","Pre-owned - Fair","","","","","","US","","",""
"267660788608",Louis Vuitton Dust Bag Handbag Shoe Travel Storage Drawstring Pouch Large 11x18,,,"1","FIXED_PRICE","USD",35.0,,,35.0,"0","1","0","May-05-26 18:00:01 PDT","Jul-05-26 18:00:01 PDT","Handbag Accessories","163570","","","Pre-owned - Excellent","","","","","","US","","",""
"267662853018",Bradford Thomas Kinkade Crystal Snowman with Light-Up Village and Animated Train,,,"1","FIXED_PRICE","USD",150.0,,,150.0,"0","1","0","May-07-26 11:13:20 PDT","Jul-07-26 11:13:20 PDT","Sculptures & Figurines","261628","","","New","","","","","","US","","",""
"267662879234",Bradford Exchange Disney Tabletop Christmas Tree: The Wonderful World of Disney,,,"1","FIXED_PRICE","USD",299.0,,,299.0,"0","2","0","May-07-26 11:43:28 PDT","Jul-07-26 11:43:28 PDT","Sculptures & Figurines","261628","","","New","","","","","","US","","",""
"267662996443",Vans Classic Slip On Cosmic Glow in the Dark Black Space Kids Size US 3,,,"1","FIXED_PRICE","USD",40.0,,,40.0,"0","1","0","May-07-26 18:00:01 PDT","Jul-07-26 18:00:01 PDT","Unisex Kids' Shoes","155202","","","New without box","","","","","","US","196573418813","",""
"267662999406",Seminole Electric Supply Adjustable Trucker Hat Gray Outdoor Cap,,,"1","FIXED_PRICE","USD",5.0,,,5.0,"0","","","May-27-26 18:00:01 PDT","Jun-27-26 18:00:01 PDT","Hats","52365","","","Pre-owned - Good","","","","","","US","","",""
"267662999816",US Foods Hat Black / White - back adjustable - Brand New,,,"1","FIXED_PRICE","USD",5.0,,,5.0,"0","","","May-28-26 06:00:01 PDT","Jun-28-26 06:00:01 PDT","Hats","52365","","","New without tags","","","","","","US","Does not apply","",""
"267663948575",Disney Star Wars Grogu Baby Yoda Black Baseball Strapback Hat Adult Size,,,"1","FIXED_PRICE","USD",5.0,,,5.0,"0","","","May-29-26 06:00:01 PDT","Jun-29-26 06:00:01 PDT","Hats","35842","","","Used","","","","","","US","","",""
"267664798089",Vintage Dallas Cowboys Logo Athletic Pro Line Adjustable Hat Cap NFL,,,"1","FIXED_PRICE","USD",10.0,,,10.0,"0","","","May-30-26 06:00:01 PDT","Jun-30-26 06:00:01 PDT","Football-NFL","206","","","Used","","","","","","US","Does not apply","",""
"267669097586","Vintage Coach Purse, Barbie Pink Wristlet Clutch, Very Good Condition",,,"1","FIXED_PRICE","USD",120.0,,,120.0,"0","2","0","May-13-26 21:21:39 PDT","Jul-13-26 21:21:39 PDT","Women's Bags & Handbags","169291","","","Pre-owned - Excellent","","","","","","US","","",""
"267669569313",Vintage COACH Pink Leather Soho Buckle Flap Crossbody Bag Shoulder,,,"0","FIXED_PRICE","USD",130.0,,,130.0,"1","4","0","May-14-26 09:12:25 PDT","Jul-14-26 09:12:25 PDT","Women's Bags & Handbags","169291","","","Pre-owned - Excellent","","","","","","US","","",""
"267669766214",Rum Runner Cape Harbour Florida Snapback Trucker Hat Cap Green,,,"1","FIXED_PRICE","USD",15.0,,,15.0,"0","","","May-31-26 18:00:01 PDT","Jun-30-26 18:00:01 PDT","Hats","52365","","","New with tags","","","","","","US","","",""
"267669767810",Taco Casa Black Ball Cap Hat Adjustable,,,"1","FIXED_PRICE","USD",5.0,,,5.0,"0","1","0","Jun-01-26 18:30:01 PDT","Jul-01-26 18:30:01 PDT","Hats","52365","","","Pre-owned - Fair","","","","","","US","","",""
"267669768120",VINTAGE Florida Gators Hat Cap Snap Back NCAA Football White And blue 90’s,,,"1","FIXED_PRICE","USD",15.0,,,15.0,"0","","","Jun-02-26 18:30:01 PDT","Jul-02-26 18:30:01 PDT","College-NCAA","24541","","","Used","","","","","","US","","",""
"267669768433",Levi's Tie Dye Baseball Cap Blue Green Cotton Adjustable Strap Snapback,,,"1","FIXED_PRICE","USD",10.0,,,10.0,"0","","","Jun-03-26 18:30:01 PDT","Jul-03-26 18:30:01 PDT","Hats","52365","","","Pre-owned - Fair","","","","","","US","","",""
"267669768898",Quiescence Blue Cotton Strapback Baseball Hat Cap Adjustable,,,"1","FIXED_PRICE","USD",13.0,,,13.0,"0","","","Jun-03-26 17:30:01 PDT","Jul-03-26 17:30:01 PDT","Hats","52365","","","Pre-owned - Fair","","","","","","US","","",""
"267669782193",Microsoft Surface Pro 4 with Official Surface Dock and Power Adapter,,,"1","FIXED_PRICE","USD",150.0,,,150.0,"0","1","0","May-14-26 17:45:01 PDT","Jun-14-26 17:45:01 PDT","PC Laptops & Netbooks","177","","","Used","","","","","","US","","",""
"267670044038",Ermenegildo Zegna Suit Mens 52R-IT 42R-US Gray Striped 3 Button 100% Wool,,,"1","FIXED_PRICE","USD",150.0,,,150.0,"0","6","0","May-14-26 20:25:35 PDT","Jun-14-26 20:25:35 PDT","Suits & Suit Separates","3001","","","Pre-owned - Excellent","","","","","","US","","",""
"267671915414",Vintage San Francisco 49ers Jacket Mens M-L Leather Wool Varsity Letterman 90s,,,"1","FIXED_PRICE","USD",120.0,,,120.0,"0","","","May-16-26 18:36:41 PDT","Jun-16-26 18:36:41 PDT","Football-NFL","206","","","Used","","","","","","US","","",""
"267671924912",Vintage Nike Center Swoosh Anaheim Angels Pullover Windbreaker Jacket - Large,,,"0","FIXED_PRICE","USD",45.0,,,45.0,"1","3","0","May-16-26 18:57:56 PDT","Jun-16-26 18:57:56 PDT","Baseball-MLB","24410","","","Used","","","","","","US","","",""
"267671926844",Vintage Starter Notre Dame Fighting Irish Blue Satin Jacket Men's Size Medium,,,"1","FIXED_PRICE","USD",99.0,,,99.0,"0","1","0","May-16-26 19:03:00 PDT","Jun-16-26 19:03:00 PDT","College-NCAA","24541","","","Used","","","","","","US","","",""
"267671928290",Vintage Los Angeles Rams Nylon Hat Nissin Rare One Of A Kind NFL ,,,"1","FIXED_PRICE","USD",99.0,,,99.0,"0","1","0","May-16-26 19:06:31 PDT","Jun-16-26 19:06:31 PDT","Football-NFL","206","","","Used","","","","","","US","","",""
"267671929596",Vintage Bud Ski Team Strapback Hat Graphic Logo Beer Ski Gray Wool Embroidered,,,"1","FIXED_PRICE","USD",50.0,,,50.0,"0","","","May-16-26 19:10:23 PDT","Jun-16-26 19:10:23 PDT","Hats","52365","","","Pre-owned - Good","","","","","","US","","",""
"267671931942",Vintage Washington Redskins Snapback Cap Hat New Era Vintage 80s Trucker USA,,,"1","FIXED_PRICE","USD",20.0,,,20.0,"0","","","May-16-26 19:13:09 PDT","Jun-16-26 19:13:09 PDT","Football-NFL","206","","","Used","","","","","","US","Does not apply","",""
"267672005951","COACH BLUE PEBBLED LEATHER WRISTLET CORNER ZIP 5"" X 7.5"" EXCELLENT CONDITION",,,"1","FIXED_PRICE","USD",40.0,,,40.0,"0","1","0","May-16-26 21:23:52 PDT","Jun-16-26 21:23:52 PDT","Wallets","45258","","","Pre-owned - Excellent","","","","","","US","","",""
"267672015094",Coach Biege Pebbled Leather Turn Lock Pocket Wristlet VGUC,,,"1","FIXED_PRICE","USD",40.0,,,40.0,"0","1","0","May-16-26 21:36:16 PDT","Jun-16-26 21:36:16 PDT","Women's Bags & Handbags","169291","","","Pre-owned - Excellent","","","","","","US","","",""
"267672018567",Coach Signature Turnlock Wallet & Checkbook Insert Canvas & Leather F43613 NWOT,,,"0","FIXED_PRICE","USD",65.0,,,65.0,"1","1","0","May-16-26 21:40:17 PDT","Jun-16-26 21:40:17 PDT","Wallets","45258","","","New without tags","","","","","","US","Does not apply","",""
"267672568144",Vintage 90s Starter Satin Varsity Jacket Green XL Made in Korea Snap Front,,,"1","FIXED_PRICE","USD",90.0,,,90.0,"0","","","May-17-26 10:33:13 PDT","Jun-17-26 10:33:13 PDT","Coats, Jackets & Vests","57988","","","Pre-owned - Good","","","","","","US","","",""
"267672757691",COACH Campbell Fuscia Leather Camera Bag Crossbody Small Purse F25150,,,"1","FIXED_PRICE","USD",95.0,,,95.0,"0","2","0","May-17-26 14:40:08 PDT","Jun-17-26 14:40:08 PDT","Women's Bags & Handbags","169291","","","Pre-owned - Excellent","","","","","","US","","",""
"267672915096",Lululemon ABC Classic-Fit 5 Pocket Pant Warpstreme Black Zip Pocket Men’s 36,,d4 574,"1","FIXED_PRICE","USD",29.0,,,29.0,"0","0","0","May-17-26 18:03:34 PDT","Jun-17-26 18:03:34 PDT","Pants","57989","","","Pre-owned - Excellent","","","","","","US","","",""
"267672915109",Se 2 Lululemon Ready to Crush High-Rise Velour Jogger *Full Length Black EUC,,,"1","FIXED_PRICE","USD",26.0,,,26.0,"0","2","0","May-17-26 18:03:36 PDT","Jun-17-26 18:03:36 PDT","Activewear Pants","260954","","","Pre-owned - Excellent","","","","","","US","","",""
"267672916048",New with tags! Lululemon Gray puffer down vest women’s size 2,,e2 580,"1","FIXED_PRICE","USD",63.0,,,63.0,"0","1","0","May-17-26 18:05:02 PDT","Jun-17-26 18:05:02 PDT","Coats, Jackets & Vests","63862","","","New with tags","","","","","","US","","",""
"267672916686",Lululemon Yellow Tank Top with built in bra size 6,,6 F2 508,"1","FIXED_PRICE","USD",22.0,,,22.0,"0","","","May-17-26 18:06:13 PDT","Jun-17-26 18:06:13 PDT","Activewear Tops","185082","","","Pre-owned - Excellent","","","","","","US","","",""
"267672917428",Lululemon Swiftly Tech Long Sleeve 2.0 Race Length Size 4 Purple Floral Pattern,,7 C2 425,"1","FIXED_PRICE","USD",27.0,,,27.0,"0","","","May-17-26 18:07:17 PDT","Jun-17-26 18:07:17 PDT","Activewear Tops","185082","","","Pre-owned - Excellent","","","","","","US","","",""
"267672917719",NWT Lululemon Size XL Ribbed Halter Cross Back Top Bikini Swim Olive,,C2 426,"1","FIXED_PRICE","USD",22.0,,,22.0,"0","2","0","May-17-26 18:07:53 PDT","Jun-17-26 18:07:53 PDT","Swimwear","63867","","","Pre-owned - Excellent","","","","","","US","","",""
"267672918254",Lululemon Ready To Rulu Pant Space Dye Camo Seal Grey Deep Coal SZ 4 EUC,,F2 0472,"1","FIXED_PRICE","USD",28.0,,,28.0,"0","","","May-17-26 18:08:54 PDT","Jun-17-26 18:08:54 PDT","Activewear Pants","260954","","","Pre-owned - Excellent","","","","","","US","","",""
"267672919032",Lululemon Align HR Pant 25” Size 4 Olive Green EUC,,F2 0480,"0","FIXED_PRICE","USD",26.0,,,26.0,"1","0","0","May-17-26 18:09:25 PDT","Jun-17-26 18:09:25 PDT","Activewear Pants","260954","","","Pre-owned - Excellent","","","","","","US","","",""
"267672919534",Lululemon X Barrys Stronger as One Tight 29” Black Emboss Legging Sz 4,,F2 0475,"1","FIXED_PRICE","USD",26.0,,,26.0,"0","","","May-17-26 18:10:26 PDT","Jun-17-26 18:10:26 PDT","Activewear Pants","260954","","","Pre-owned - Excellent","","","","","","US","","",""
"267672919766",Lululemon Align High Rise Womens 6 Elastic Waist Pull-on Blossom Pink,,F2 0471,"1","FIXED_PRICE","USD",29.0,,,29.0,"0","","","May-17-26 18:10:53 PDT","Jun-17-26 18:10:53 PDT","Leggings","169001","","","Pre-owned - Excellent","","","","","","US","","",""
"267672920141",Lululemon bronze yellow gold 25” inseam high waisted align leggings sz 14 Euc,,F2 0477,"1","FIXED_PRICE","USD",36.0,,,36.0,"0","","","May-17-26 18:11:50 PDT","Jun-17-26 18:11:50 PDT","Activewear Pants","260954","","","Pre-owned - Excellent","","","","","","US","","",""
"267672920187","Lululemon Wunder Train High-Rise Tight 27"" Size 12",,F2 0473,"0","FIXED_PRICE","USD",29.0,,,29.0,"1","0","0","May-17-26 18:12:03 PDT","Jun-17-26 18:12:03 PDT","Activewear Pants","260954","","","Pre-owned - Excellent","","","","","","US","","",""
"267672921209","Lululemon Align Jogger Black Active Pant Pockets 27""inseam Womens 4`",,F2 0478,"1","FIXED_PRICE","USD",29.0,,,29.0,"0","","","May-17-26 18:13:13 PDT","Jun-17-26 18:13:13 PDT","Activewear Pants","260954","","","Pre-owned - Excellent","","","","","","US","","",""
"267672921301","Lululemon Size 6 Wunder Train HR Tight 25"" Denim Wash Print Autumn Red Black",,F2 0465,"1","FIXED_PRICE","USD",29.0,,,29.0,"0","","","May-17-26 18:13:26 PDT","Jun-17-26 18:13:26 PDT","Activewear Pants","260954","","","Pre-owned - Excellent","","","","","","US","","",""
"267672921700",lululemon Wunder Train High-Rise Tight Size 14 lime green crop,,F2 0464,"1","FIXED_PRICE","USD",36.0,,,36.0,"0","","","May-17-26 18:14:35 PDT","Jun-17-26 18:14:35 PDT","Activewear Pants","260954","","","Pre-owned - Excellent","","","","","","US","","",""
"267672921754",Lululemon Women’s Wunder Under HR Tight F UHML Blue Print LW5BSNS Size 6,,F2 0485,"1","FIXED_PRICE","USD",26.0,,,26.0,"0","","","May-17-26 18:14:39 PDT","Jun-17-26 18:14:39 PDT","Activewear Pants","260954","","","Pre-owned - Excellent","","","","","","US","","",""
"267672922918",Lululemon Wunder Under Hi-Rise Crop Leggings spring bloom multi color Size 8,,12 F1 0453,"1","FIXED_PRICE","USD",26.0,,,26.0,"0","","","May-17-26 18:15:55 PDT","Jun-17-26 18:15:55 PDT","Activewear Pants","260954","","","Pre-owned - Excellent","","","","","","US","","",""
"267672923028",Lululemon Ankle Length Leggings Size 2 Geometric Pattern Active Yoga Running,,F1 0454,"1","FIXED_PRICE","USD",26.0,,,26.0,"0","","","May-17-26 18:16:13 PDT","Jun-17-26 18:16:13 PDT","Activewear Pants","260954","","","Pre-owned - Excellent","","","","","","US","","",""
"267672923613",Lululemon InStill Leggings Women’s 6 High-Rise Crop Black Gray W6CFCS,,F2 397,"1","FIXED_PRICE","USD",26.0,,,26.0,"0","","","May-17-26 18:17:36 PDT","Jun-17-26 18:17:36 PDT","Activewear Pants","260954","","","Pre-owned - Excellent","","","","","","US","","",""
"267672923754",Lululemon Wunder Under Crop 8 Hi-Rise Eternal Wave W6APFS Yoga Pants,,F2 0457,"1","FIXED_PRICE","USD",26.0,,,26.0,"0","","","May-17-26 18:17:53 PDT","Jun-17-26 18:17:53 PDT","Activewear Pants","260954","","","Pre-owned - Excellent","","","","","","US","","",""
"267672924891",Lululemon Wunder Under Crop Tights HR Scp LW6BI8S WSNB White Print Size 4,,F2 0456,"1","FIXED_PRICE","USD",26.0,,,26.0,"0","","","May-17-26 18:19:13 PDT","Jun-17-26 18:19:13 PDT","Leggings","169001","","","Pre-owned - Excellent","","","","","","US","","",""
"267672925181",Lululemon Leggings Womens 4 Gray Power Thru Rise HR Tight Pants Nulux,,F1 443,"1","FIXED_PRICE","USD",32.0,,,32.0,"0","","","May-17-26 18:19:37 PDT","Jun-17-26 18:19:37 PDT","Activewear Pants","260954","","","Pre-owned - Excellent","","","","","","US","","",""
"267672925698",Lululemon Leggings Women 6 Shibori White Grey Baltic Wunder Under Yoga Pant,,F1 447,"1","FIXED_PRICE","USD",32.0,,,32.0,"0","","","May-17-26 18:20:59 PDT","Jun-17-26 18:20:59 PDT","Activewear Pants","260954","","","Pre-owned - Excellent","","","","","","US","","",""
"267672926387",Lululemon Wunder Under Crop Serigraph Starlight Black Multi Size 4,,F1 446,"1","FIXED_PRICE","USD",27.0,,,27.0,"0","","","May-17-26 18:21:30 PDT","Jun-17-26 18:21:30 PDT","Activewear Pants","260954","","","Pre-owned - Excellent","","","","","","US","","",""
"267672926826",Lululemon Leggings size 8 Fast Free Tight II Nulux Sunrise Silhouette,,F1 439,"1","FIXED_PRICE","USD",32.0,,,32.0,"0","0","0","May-17-26 18:22:27 PDT","Jun-17-26 18:22:27 PDT","Activewear Pants","260954","","","Pre-owned - Excellent","","","","","","US","","",""
"267672927291",Lululemon Align High-Rise Pant Circulate Tie Dye Mineral Blue Size 2,,F1 445,"1","FIXED_PRICE","USD",32.0,,,32.0,"0","","","May-17-26 18:23:22 PDT","Jun-17-26 18:23:22 PDT","Activewear Pants","260954","","","Pre-owned - Excellent","","","","","","US","","",""
"267672927644",Lululemon Shirt Womens Small Gray Crew Neck Wicking Athleisure Gym Running sz 6,,f1 387,"0","FIXED_PRICE","USD",32.0,,,32.0,"1","0","0","May-17-26 18:24:05 PDT","Jun-17-26 18:24:05 PDT","Activewear Tops","185082","","","Pre-owned - Excellent","","","","","","US","","",""
"267672928518",Lululemon Wunder Under High-Rise Tight Inseam *Lace Sz 8,,F1 431,"1","FIXED_PRICE","USD",32.0,,,32.0,"0","","","May-17-26 18:25:23 PDT","Jun-17-26 18:25:23 PDT","Activewear Pants","260954","","","Pre-owned - Excellent","","","","","","US","","",""
"267672929533",Lululemon Speed Up Tight *Full-On Luxtreme Wildwood Multi Size 2 Running,,10 f1 440,"1","FIXED_PRICE","USD",27.0,,,27.0,"0","","","May-17-26 18:26:26 PDT","Jun-17-26 18:26:26 PDT","Activewear Pants","260954","","","Pre-owned - Excellent","","","","","","US","","",""
"267672929838",Lululemon Wunder Under Low-Rise Tight *Full-On Luxtreme - Size 4,,F1 437,"1","FIXED_PRICE","USD",32.0,,,32.0,"0","","","May-17-26 18:27:01 PDT","Jun-17-26 18:27:01 PDT","Activewear Pants","260954","","","Pre-owned - Excellent","","","","","","US","","",""
"267672931658",Lululemon wunder under Speckled Galaxy Print Size 4 EUC Purple Full Length,,F1 433,"1","FIXED_PRICE","USD",32.0,,,32.0,"0","","","May-17-26 18:28:47 PDT","Jun-17-26 18:28:47 PDT","Activewear Pants","260954","","","Pre-owned - Excellent","","","","","","US","","",""
"267672932151",Lululemon Leggings 6 Womens Mesh Insets Sexy Workout Solid Black,,f1 448,"1","FIXED_PRICE","USD",36.0,,,36.0,"0","","","May-17-26 18:29:04 PDT","Jun-17-26 18:29:04 PDT","Activewear Pants","260954","","","Pre-owned - Excellent","","","","","","US","","",""
"267672932986",Lululemon Wunder Under High-Rise Leggings Washed Asphalt Gray size 4,,F1 435,"1","FIXED_PRICE","USD",32.0,,,32.0,"0","","","May-17-26 18:30:12 PDT","Jun-17-26 18:30:12 PDT","Activewear Pants","260954","","","Pre-owned - Excellent","","","","","","US","","",""
"267672933582",Lululemon 6 Colour Me Ombre Tight Dark Adobe / Blush Berry / Violet Red,,F1 442,"1","FIXED_PRICE","USD",32.0,,,32.0,"0","","","May-17-26 18:30:40 PDT","Jun-17-26 18:30:40 PDT","Activewear Pants","260954","","","Pre-owned - Excellent","","","","","","US","","",""
"267672935004",LULULEMON Woman’s Free to Be Serene Sports Bra Strappy Back Size 4 rose,,f1 385,"1","FIXED_PRICE","USD",27.0,,,27.0,"0","","","May-17-26 18:32:10 PDT","Jun-17-26 18:32:10 PDT","Sports Bras","185083","","","Pre-owned - Excellent","","","","","","US","","",""
"267672935347",Lululemon Set Free Run Tank Size 12 Smoky Blush pink,,F1 418,"1","FIXED_PRICE","USD",36.0,,,36.0,"0","1","0","May-17-26 18:32:35 PDT","Jun-17-26 18:32:35 PDT","Activewear Tops","185082","","","Pre-owned - Excellent","","","","","","US","","",""
"267672936568","Lululemon Fast Free Crop II *Nulux"" Athletic Cropped Leggings sz 2 Reflective",,10 f1 392,"1","FIXED_PRICE","USD",32.0,,,32.0,"0","1","0","May-17-26 18:34:10 PDT","Jun-17-26 18:34:10 PDT","Activewear Pants","260954","","","Pre-owned - Excellent","","","","","","US","","",""
"267672936717",Lululemon Align Tee Womens Shirt Size 4 yellow Nulu Cropped Athleisure Yoga,,10 F1 417,"0","FIXED_PRICE","USD",27.0,,,27.0,"1","0","0","May-17-26 18:34:29 PDT","Jun-17-26 18:34:29 PDT","Activewear Tops","185082","","","Pre-owned - Excellent","","","","","","US","","",""
"267672937109",Lululemon Align T-Shirt Olive Short Sleeve Crop Top Shirt Fitted Size 10,,10 F1 416,"1","FIXED_PRICE","USD",36.0,,,36.0,"0","","","May-17-26 18:35:30 PDT","Jun-17-26 18:35:30 PDT","Activewear Tops","185082","","","Pre-owned - Excellent","","","","","","US","","",""
"267672937667",Lululemon Align Leggings Women Size 12 Cross Waist Crop Tie Dye High Rise Gray,,D3 404,"1","FIXED_PRICE","USD",45.0,,,45.0,"0","0","0","May-17-26 18:37:06 PDT","Jun-17-26 18:37:06 PDT","Activewear Pants","260954","","","Pre-owned - Excellent","","","","","","US","","",""
"267672937673",Lululemon Train Times 7/8 Pant Leggings Heathered Black Women's Size 10,,D3 401,"1","FIXED_PRICE","USD",45.0,,,45.0,"0","","","May-17-26 18:37:07 PDT","Jun-17-26 18:37:07 PDT","Activewear Pants","260954","","","Pre-owned - Excellent","","","","","","US","","",""
"267672938194",Lululemon Pants Women 24-28 City Sleek 5 Pocket Slim Fit Athleisure Olive,,D1 412,"1","FIXED_PRICE","USD",45.0,,,45.0,"0","","","May-17-26 18:38:50 PDT","Jun-17-26 18:38:50 PDT","Activewear Pants","260954","","","Pre-owned - Good","","","","","","US","","",""
"267672938206",Lululemon Women’s Time To Sweat Crop Peri Purple Blue Full On Luxtreme Sz 10,,d1 413,"1","FIXED_PRICE","USD",36.0,,,36.0,"0","","","May-17-26 18:38:52 PDT","Jun-17-26 18:38:52 PDT","Activewear Pants","260954","","","Pre-owned - Excellent","","","","","","US","","",""
"267672938838",Lululemon Athletica Fast Free High-Rise Tight Gray Sze 10,,D3 391,"1","FIXED_PRICE","USD",45.0,,,45.0,"0","","","May-17-26 18:40:29 PDT","Jun-17-26 18:40:29 PDT","Activewear Pants","260954","","","Pre-owned - Excellent","","","","","","US","","",""
"267672938894",Lululemon Power Thru High-Rise Tight Wisteria Purple Tie Dye Leggings Size 2,,D1 408,"1","FIXED_PRICE","USD",32.0,,,32.0,"0","","","May-17-26 18:40:37 PDT","Jun-17-26 18:40:37 PDT","Activewear Pants","260954","","","Pre-owned - Excellent","","","","","","US","","",""
"267672939515",Lululemon Ready to Rulu High-Rise Jogger Navy Blue Size 2,,D1 414,"1","FIXED_PRICE","USD",45.0,,,45.0,"0","0","0","May-17-26 18:41:56 PDT","Jun-17-26 18:41:56 PDT","Activewear Pants","260954","","","Pre-owned - Excellent","","","","","","US","","",""
"267672939627",Lululemon Wunder Train High-Rise Tights Smoked Spruce Multi Size 2,,D1 409,"1","FIXED_PRICE","USD",36.0,,,36.0,"0","","","May-17-26 18:42:03 PDT","Jun-17-26 18:42:03 PDT","Activewear Pants","260954","","","Pre-owned - Excellent","","","","","","US","","",""
"267672940391",EUC Lululemon Base Pace High Rise Running Tight Sz 2 Atmospheric Purple Nulux,,D1 410,"1","FIXED_PRICE","USD",36.0,,,36.0,"0","","","May-17-26 18:43:28 PDT","Jun-17-26 18:43:28 PDT","Activewear Pants","260954","","","Pre-owned - Excellent","","","","","","US","","",""
"267672940473",Lululemon Ribbed Softstreme Zip Leg sz 2 Flare Blue Pants,,D1 411,"1","FIXED_PRICE","USD",36.0,,,36.0,"0","1","0","May-17-26 18:43:38 PDT","Jun-17-26 18:43:38 PDT","Activewear Pants","260954","","","Pre-owned - Excellent","","","","","","US","","",""
"267672941304",Lululemon sz 10 Wunder Under Monochromic iced gray black luxtreme align run,,D3 399,"1","FIXED_PRICE","USD",41.0,,,41.0,"0","","","May-17-26 18:45:04 PDT","Jun-17-26 18:45:04 PDT","Pants","63863","","","Pre-owned - Excellent","","","","","","US","","",""
"267672941476",Lululemon Women’s Size 10 Fast Crop II Workout Yoga Legging,,D1 405,"1","FIXED_PRICE","USD",36.0,,,36.0,"0","","","May-17-26 18:45:19 PDT","Jun-17-26 18:45:19 PDT","Activewear Pants","260954","","","Pre-owned - Excellent","","","","","","US","","",""
"267672942166",Lululemon On the Fly Jogger Size 2 Luxtreme Camo Dark Olive,,D3 402,"1","FIXED_PRICE","USD",32.0,,,32.0,"0","","","May-17-26 18:46:45 PDT","Jun-17-26 18:46:45 PDT","Activewear Pants","260954","","","Pre-owned - Excellent","","","","","","US","","",""
"267672942228",Lululemon Women 4 Lightweight Jacket Pink Black Heather High Neck 3/4Zip Stretch,,B1 374,"1","FIXED_PRICE","USD",27.0,,,27.0,"0","","","May-17-26 18:46:54 PDT","Jun-17-26 18:46:54 PDT","Activewear Jackets","185079","","","Pre-owned - Good","","","","","","US","","",""
"267672943621",LULULEMON Run Pace Tank Top Neon Faded Zap Racerback Open Back Yoga Size 8,,315 e2,"1","FIXED_PRICE","USD",23.0,,,23.0,"0","","","May-17-26 18:49:47 PDT","Jun-17-26 18:49:47 PDT","Activewear Tops","185082","","","Pre-owned - Excellent","","","","","","US","","",""
"267672943864",Lululemon Ta Ta Tamer Sports Bra Size 32C Full Coverage Teal,,6.79,"1","FIXED_PRICE","USD",27.0,,,27.0,"0","","","May-17-26 18:50:12 PDT","Jun-17-26 18:50:12 PDT","Sports Bras","185083","","","Pre-owned - Excellent","","","","","","US","","",""
"267673796877",COACH Georgia Satchel Bag In Refined Pebble Leather - CR156 - Gold/Black,,,"0","FIXED_PRICE","USD",240.0,,,240.0,"1","2","0","May-18-26 17:21:22 PDT","Jun-18-26 17:21:22 PDT","Women's Bags & Handbags","169291","","","New without tags","","","","","","US","","",""
"267675940375",Vintage Bausch & Lomb Semi Rimless Eyeglasses B&L 1/10 12K GF Gold Filled Cable,,,"0","FIXED_PRICE","USD",99.99,,,99.99,"1","2","0","May-20-26 16:51:21 PDT","Jun-20-26 16:51:21 PDT","Eyeglass Frames","180957","","","Pre-owned","","","","","","US","","",""
"267675942644",CANALI ITALY NAVY BLAK SUIT - 100% WOOL - MODEL AL13290/38 SIZE IT 54 / US 44R,,,"1","FIXED_PRICE","USD",499.0,,,499.0,"0","1","0","May-20-26 16:58:08 PDT","Jun-20-26 16:58:08 PDT","Suits & Suit Separates","3001","","","Pre-owned - Excellent","","","","","","US","","",""
"267675945536",Vintage 90s Cabelas Outdoor Gear Realtree Camo Pants Mens 34x30 Made in USA,,,"1","FIXED_PRICE","USD",45.0,,,45.0,"0","0","0","May-20-26 17:01:28 PDT","Jun-20-26 17:01:28 PDT","Pants","57989","","","Pre-owned - Good","","","","","","US","","",""
"267675955597",Michael Kors body bag Waist bag Brown PVC unisex,,,"1","FIXED_PRICE","USD",70.0,,,70.0,"0","3","0","May-20-26 17:12:09 PDT","Jun-20-26 17:12:09 PDT","Bags","52357","","","Pre-owned - Excellent","","","","","","US","","",""
"267675978877","Monstera Albo Borsigiana Highly Variegated Rooted US Seller Exact Plant 6"" Pot",,,"0","FIXED_PRICE","USD",199.0,,,199.0,"1","5","0","May-20-26 17:38:24 PDT","Jun-20-26 17:38:24 PDT","Plants & Seedlings","19617","","","","","","","","","US","","",""
"267676786992",Monstera ALBO FULL MOON Rare Exact Plant in 5 inch pot,,,"0","FIXED_PRICE","USD",79.0,,,79.0,"1","4","0","May-21-26 11:19:59 PDT","Jun-21-26 11:19:59 PDT","Plants & Seedlings","19617","","","","","","","","","US","","",""
"267677182295",Vintage Guerlain Shalimar Eau De Cologne 2.5 oz / 75ml Spray 2004 Batch Boxed,,,"0","FIXED_PRICE","USD",110.0,,,110.0,"2","1","0","May-21-26 19:44:28 PDT","Jun-21-26 19:44:28 PDT","Women's Fragrances","11848","","","New with box","","","","","","US","","",""
"267677185817",Vintage Guerlain Shalimar EDT Perfume Set (2) 15ml Spray & (1) 30ml Vaporisateur,,,"1","FIXED_PRICE","USD",150.0,,,150.0,"0","3","0","May-21-26 19:49:17 PDT","Jun-21-26 19:49:17 PDT","Other Perfume Collectibles","602","","","New","","","","","","US","","",""
"267680879411",Gucci Envy FOR Woman Eau De Toilette 50 ML Spray Vintage SEALED,,,"0","FIXED_PRICE","USD",250.0,,,250.0,"1","2","0","May-25-26 21:39:10 PDT","Jun-25-26 21:39:10 PDT","Other Perfume Collectibles","602","","","New","","","","","","US","","",""
"267681372440",Ben Davis Snapback Cap Black New with tags,,,"1","FIXED_PRICE","USD",30.0,,,30.0,"0","1","0","May-26-26 09:31:11 PDT","Jun-26-26 09:31:11 PDT","Baseball-MLB","24410","","","New","","","","","","US","","",""
"267681443882",Green Bay Packers New Era 59Fifty Fitted Hat Size 8 Green Color,,,"1","FIXED_PRICE","USD",29.95,,,29.95,"0","","","May-26-26 11:16:23 PDT","Jun-26-26 11:16:23 PDT","Football-NFL","206","","","New","","","","","","US","","",""
"267682675752",Stanley x Starbucks Sunset 40 oz Stainless Steel H2.0 Flowstate Quencher Tumbler,,,"1","FIXED_PRICE","USD",48.0,,,48.0,"0","","","May-27-26 20:56:47 PDT","Jun-27-26 20:56:47 PDT","Vacuum Flasks & Mugs","177006","","","New","","","","","","US","","",""
"267682677348",New Michael Kors Joey Large Saffiano Leather Pocket Tote Handbag luggage bag,,,"1","FIXED_PRICE","USD",79.0,,,79.0,"0","1","0","May-27-26 21:03:55 PDT","Jun-27-26 21:03:55 PDT","Women's Bags & Handbags","169291","","","New without tags","","","","","","US","","",""
"267682678997",Vintage Ray-Ban CATS Bausch & Lomb Frame France Nylon Sunglasses Dark Brown,,,"1","FIXED_PRICE","USD",178.0,,,178.0,"0","4","0","May-27-26 21:06:46 PDT","Jun-27-26 21:06:46 PDT","Sunglasses","261509","","","Pre-owned","","","","","","US","","",""
"267682680131","Vintage Genuine White Natural ""Cauliflower Coral"" Ocean Specimen 6x5 inches",,,"1","FIXED_PRICE","USD",55.0,,,55.0,"0","","","May-27-26 21:10:49 PDT","Jun-27-26 21:10:49 PDT","Coral","82519","","","Used","","","","","","US","","",""
"267682680247","Susan Rios collectible art painting ""Home In The USA"" Rare",,25,"1","FIXED_PRICE","USD",100.0,,,100.0,"0","0","0","May-27-26 21:11:15 PDT","Jun-27-26 21:11:15 PDT","Art Prints","360","","","Used","","","","","","US","","",""
"267682682841",Cabela’s Pants 32 Jacket Mens Med Brush Camo Hunting Outfit Deer,,,"1","FIXED_PRICE","USD",60.0,,,60.0,"0","","","May-27-26 21:15:32 PDT","Jun-27-26 21:15:32 PDT","Pants & Bibs","177873","","","Pre-owned","","","","","","US","","",""
"267682690555",Antique Brass EPNS Silver Plated Candle Holder,,,"1","FIXED_PRICE","USD",70.0,,,70.0,"0","","","May-27-26 21:35:53 PDT","Jun-27-26 21:35:53 PDT","Candle Holders","4062","","","Used","","","","","","US","","",""
"267682690561",Vintage Harley Davidson Leather Mens Chaps Black Size XLarge,,,"1","FIXED_PRICE","USD",90.0,,,90.0,"0","","","May-27-26 21:35:55 PDT","Jun-27-26 21:35:55 PDT","Motorcycle Pants & Chaps","177120","","","Pre-owned","","","","","","US","","",""
"267682692535",Womens Figs Heather Gray scubs set/Top/Pants/S Top/XS Bottoms!,,C2 655,"0","FIXED_PRICE","USD",35.0,,,35.0,"1","1","0","May-27-26 21:41:31 PDT","Jun-27-26 21:41:31 PDT","Sets","105432","","","New without tags","","","","","","US","","",""
"267689206214",Vintage Oakley C-Wire Sunglasses Metal Frame Gold Platinum Bronze Gen 2 Y2K,,,"1","FIXED_PRICE","USD",325.0,,,325.0,"0","6","0","Jun-03-26 21:42:52 PDT","Jul-03-26 21:42:52 PDT","Sunglasses","79720","","","Pre-owned - Excellent","","","","","","US","","",""
"267689207118",VTG Ted Lapidus Paris Sunglasses Oversized Square Gold Frame France Rare,,,"1","FIXED_PRICE","USD",360.0,,,360.0,"0","3","0","Jun-03-26 21:47:21 PDT","Jul-03-26 21:47:21 PDT","Sunglasses","48559","","","Pre-owned","","","","","","US","","",""
"267690193847",Tonino Lamborghini Vintage Aviator Sunglasses Gold Tortoise Mesh Bridge TL605S03,,,"1","FIXED_PRICE","USD",210.0,,,210.0,"0","1","0","Jun-04-26 19:12:34 PDT","Jul-04-26 19:12:34 PDT","Sunglasses","45246","","","Pre-owned - Excellent","","","","","","US","","",""
"267690201796","Mykita Mylon ""Sun Targa"" Aviator Sunglasses - Matte Black & Gold - Excellent",,,"1","FIXED_PRICE","USD",370.0,,,370.0,"0","2","0","Jun-04-26 19:31:48 PDT","Jul-04-26 19:31:48 PDT","Sunglasses","79720","","","Pre-owned - Excellent","","","","","","US","","",""
"267690259013",Ray-Ban RB 1969 Rectangle 9197-Sunglasses Silver Hardware-Excellent Condition.,,,"1","FIXED_PRICE","USD",130.0,,,130.0,"0","1","0","Jun-04-26 21:31:54 PDT","Jul-04-26 21:31:54 PDT","Sunglasses","79720","","","Pre-owned - Excellent","","","","","","US","","",""
"267692599289",Vintage Balmain Vent Vert 75ml 2.5 oz EDT Spray New Sealed Box 1990s-Rare,,,"1","FIXED_PRICE","USD",195.0,,,195.0,"0","3","0","Jun-07-26 11:28:31 PDT","Jul-07-26 11:28:31 PDT","Unspecified, Unknown Date","156532","","","New","","","","","","US","","",""
"267692601712",Vintage Balmain Vent Vert Eau De Toilette 75ml 2.5oz EDT Spray Inter Parfums,,,"1","FIXED_PRICE","USD",155.0,,,155.0,"0","1","0","Jun-07-26 11:31:41 PDT","Jul-07-26 11:31:41 PDT","Unspecified, Unknown Date","156532","","","Used","","","","","","US","","",""
"267694605672",Department 56 Dickens' Village Victoria & Albert Museum | Limited Edition #79992,,,"1","FIXED_PRICE","USD",250.0,,,250.0,"0","3","0","Jun-09-26 10:53:42 PDT","Jul-09-26 10:53:42 PDT","Villages & Houses","261646","","","Used","","","","","","US","","",""
"267694878018",Vintage 2002 DUNE Christian Dior 1.7 OZ / 50 ml Eau de Toilette Spray Sealed Box,,,"1","FIXED_PRICE","USD",175.0,,,175.0,"0","1","0","Jun-09-26 17:48:34 PDT","Jul-09-26 17:48:34 PDT","Women's Fragrances","11848","","","New with box","","","","","","US","","",""
"267694883516",Supreme Red Runner 5 Panel Hat Cap medium,,,"1","FIXED_PRICE","USD",99.0,,,99.0,"0","","","Jun-09-26 18:03:33 PDT","Jul-09-26 18:03:33 PDT","Hats","52365","","","New without tags","","","","","","US","","",""
"267694883517",Supreme Runner Waist Strap Bag,,,"1","FIXED_PRICE","USD",80.0,,,80.0,"0","","","Jun-09-26 18:03:33 PDT","Jul-09-26 18:03:33 PDT","Bags","52357","","","New without tags","","","","","","US","","",""
"267694884371",Supreme Men's Runners Adjustable Hat Cap White,,,"1","FIXED_PRICE","USD",99.0,,,99.0,"0","","","Jun-09-26 18:06:06 PDT","Jul-09-26 18:06:06 PDT","Hats","52365","","","New with tags","","","","","","US","","",""
"267694887958",Tory Burch McGraw Zip Around Wristlet Wallet Leather Caramel Brown NWOT W Bag,,,"1","FIXED_PRICE","USD",110.0,,,110.0,"0","1","0","Jun-09-26 18:12:08 PDT","Jul-09-26 18:12:08 PDT","Wallets","45258","","","New without tags","","","","","","US","","",""
"267694889527",Authentic New w/o Tags Tory Burch Britten Pebble Large Zip Wristbag ZIP Around!,,,"1","FIXED_PRICE","USD",110.0,,,110.0,"0","1","0","Jun-09-26 18:14:09 PDT","Jul-09-26 18:14:09 PDT","Wallets","45258","","","New without tags","","","","","","US","","",""
"267694900261",VINTAGE HERMES BY LUXOTTICA GOLD ELECTROPLATED SUNGLASS FRAMES /PRESCRIPTION,,,"1","FIXED_PRICE","USD",190.0,,,190.0,"0","","","Jun-09-26 18:29:02 PDT","Jul-09-26 18:29:02 PDT","Eyeglasses","175805","","","Pre-owned","","","","","","US","","",""
"267695726751",Vintage Adidas Philadelphia 76’ers Script Two-Tone Snapback Hat Draft cap,,4.5,"1","FIXED_PRICE","USD",68.0,,,68.0,"0","","","Jun-10-26 17:05:31 PDT","Jul-10-26 17:05:31 PDT","Basketball-NBA","24442","","","Used","","","","","","US","","",""
"267695726764",Gymboree Boy Blue Puffer Vest w Front Zipper Size L Outerwear,,0228 C1 4.49,"1","FIXED_PRICE","USD",22.0,,,22.0,"0","","","Jun-10-26 17:05:33 PDT","Jul-10-26 17:05:33 PDT","Outerwear","51933","","","Pre-owned - Good","","","","","","US","","",""
"267695728871",Women's Spyder lightweight Hoodie Pink Size Large,,0224 B1 2.79,"1","FIXED_PRICE","USD",22.0,,,22.0,"0","","","Jun-10-26 17:07:35 PDT","Jul-10-26 17:07:35 PDT","Sweaters","63866","","","Pre-owned - Good","","","","","","US","","",""
"267695728946",Lakers Nike Team hat Sports Hat Flex Fit NBA youth Kobe LeBron Shaq vintage VTG,,4.5,"1","FIXED_PRICE","USD",17.0,,,17.0,"0","","","Jun-10-26 17:07:38 PDT","Jul-10-26 17:07:38 PDT","Basketball-NBA","24442","","","Used","","","","","","US","","",""
"267695730232",Primitives By Kathy LOL Socks Awesome FIREFIGHTER Socks unisex,,4.5 MISC 3,"1","FIXED_PRICE","USD",22.0,,,22.0,"0","","","Jun-10-26 17:08:54 PDT","Jul-10-26 17:08:54 PDT","Socks","163588","","","New with tags","","","","","","US","","",""
"267695731118",Levi’s Men's Ribbed Premium Cotton Tank Top 5 Pack White LARGE,,FREE,"1","FIXED_PRICE","USD",22.0,,,22.0,"0","","","Jun-10-26 17:09:50 PDT","Jul-10-26 17:09:50 PDT","T-Shirts","15687","","","New with tags","","","","","","US","","",""
"267695731299",New dockers Mens Signature Black Slim fit pants D1  SZ 30,,214 3 B1,"1","FIXED_PRICE","USD",26.0,,,26.0,"0","","","Jun-10-26 17:10:37 PDT","Jul-10-26 17:10:37 PDT","Pants","57989","","","New with tags","","","","","","US","","",""
"267695731660","G by Guess Platform Floral Ankle Wrap 5"" Heels Cenikka sz 6.5",,2.99 s5-7,"1","FIXED_PRICE","USD",22.0,,,22.0,"0","","","Jun-10-26 17:11:43 PDT","Jul-10-26 17:11:43 PDT","Sandals","62107","","","Pre-owned - Good","","","","","","US","","",""
"267695732669",Nine West Wallet Card Case Tan brown coin purse classic,,Free,"1","FIXED_PRICE","USD",17.0,,,17.0,"0","","","Jun-10-26 17:13:08 PDT","Jul-10-26 17:13:08 PDT","Wallets","45258","","","Pre-owned - Good","","","","","","US","","",""
"267695733435","Naruto Collector Set (LED Light, Mug, Socks & Pin) Brand New",,8,"1","FIXED_PRICE","USD",22.0,,,22.0,"0","","","Jun-10-26 17:15:02 PDT","Jul-10-26 17:15:02 PDT","Other Animation Merchandise","69528","","","New","","","","","","US","","",""
"267695734281",NEW FRNCH Woven Knit Metallic Thread Crewneck Sweater Cream Blue Size S/M,,8,"1","FIXED_PRICE","USD",29.0,,,29.0,"0","","","Jun-10-26 17:15:56 PDT","Jul-10-26 17:15:56 PDT","Sweaters","63866","","","New with tags","","","","","","US","","",""
"267695734596",New Marvel Tigra The Feline Fury Action Figure 2021,,6,"1","FIXED_PRICE","USD",22.0,,,22.0,"0","","","Jun-10-26 17:16:37 PDT","Jul-10-26 17:16:37 PDT","Action Figures","261068","","","New","","","","","","US","","",""
"267695734852","Paige Roxie Crop White Classic Rise 8"" Skinny Jeans Denim Women's Size 29",,a2 206 2,"1","FIXED_PRICE","USD",25.0,,,25.0,"0","","","Jun-10-26 17:17:17 PDT","Jul-10-26 17:17:17 PDT","Jeans","11554","","","Pre-owned - Good","","","","","","US","","",""
"267695735162",Ermenegildo Zegna Shirt Men 2XLarge Multi Color Barcode Striped Hidden Button,,A2 0207 8,"1","FIXED_PRICE","USD",38.0,,,38.0,"0","","","Jun-10-26 17:17:42 PDT","Jul-10-26 17:17:42 PDT","Casual Button-Down Shirts","57990","","","Pre-owned - Good","","","","","","US","","",""
"267695735990",Under Armour Sweater Boys Medium Brown Beige Hoodie Sweatshirt Youth Kids,,A2 0209 Free,"1","FIXED_PRICE","USD",24.0,,,24.0,"0","","","Jun-10-26 17:18:29 PDT","Jul-10-26 17:18:29 PDT","Sweaters","51946","","","New with tags","","","","","","US","","",""
"267695736286",AMERICAN ARTISTS ANTIQUED GLASS CHRISTMAS ORNAMENT FIRST EDITION HORSE SLEIGH,,4 MISC 1,"1","FIXED_PRICE","USD",12.0,,,12.0,"0","","","Jun-10-26 17:19:06 PDT","Jul-10-26 17:19:06 PDT","Ornaments","77988","","","Used","","","","","","US","","",""
"267695736923",Baby Yoda The Child Plush * Star Wars The Mandalorian NEW IN BOX,,22,"1","FIXED_PRICE","USD",39.0,,,39.0,"0","","","Jun-10-26 17:20:43 PDT","Jul-10-26 17:20:43 PDT","Action Figures","261068","","","New","","","","","","US","","",""
"267695737523",2000 G.I. JOE ELECTRONIC ARMY SOLDIER ACTION SET New In Box,,22,"1","FIXED_PRICE","USD",85.0,,,85.0,"0","","","Jun-10-26 17:21:43 PDT","Jul-10-26 17:21:43 PDT","Other Battery Op Toys 1990-Now","38287","","","New","","","","","","US","","",""
"267695737845",NEW Anne Klein Womens Jacket Red Quilted Side-Slit Midweight Snap-Front Long,,Free,"1","FIXED_PRICE","USD",56.0,,,56.0,"0","","","Jun-10-26 17:22:58 PDT","Jul-10-26 17:22:58 PDT","Coats, Jackets & Vests","63862","","","New without tags","","","","","","US","","",""
"267695738263",Men's Los Angeles Rams New Era Crucial Catch 9FIFTY Snapback Hat Black,,4,"1","FIXED_PRICE","USD",26.0,,,26.0,"0","","","Jun-10-26 17:24:13 PDT","Jul-10-26 17:24:13 PDT","Football-NFL","206","","","Used","","","","","","US","","",""
"267695738597",Columbia Waterproof Boots Youth 4 Bugaboot Omni Heat Gray Faux Fur BY5954-033,,4 s7,"1","FIXED_PRICE","USD",26.0,,,26.0,"0","","","Jun-10-26 17:25:14 PDT","Jul-10-26 17:25:14 PDT","Unisex Kids' Shoes","155202","","","Pre-owned - Good","","","","","","US","","",""
"267695738838",PRO-10 Dale Hawerchuk BUFFALO SABRES ADIDAS AUTHENTIC CLIMALITE HOCKEY JERSEY,,E1 188 10,"1","FIXED_PRICE","USD",85.0,,,85.0,"0","","","Jun-10-26 17:26:04 PDT","Jul-10-26 17:26:04 PDT","Hockey-NHL","24510","","","Used","","","","","","US","","",""
"267695739364",vintage levis 501 button fly denim jeans shrink to fit 40 W 30 L,,E1 186 6.74,"1","FIXED_PRICE","USD",26.0,,,26.0,"0","","","Jun-10-26 17:27:13 PDT","Jul-10-26 17:27:13 PDT","Jeans","175773","","","Pre-owned - Good","","","","","","US","","",""
"267695739898",Vintage Levis 501 WPL 423 Men's Sz Actual 36 X 36 Button Fly Tan Brown Jeans,,E1 184 6.74,"1","FIXED_PRICE","USD",26.0,,,26.0,"0","","","Jun-10-26 17:28:11 PDT","Jul-10-26 17:28:11 PDT","Jeans","11483","","","Pre-owned - Good","","","","","","US","","",""
"267695740553",LEVI'S Red Tab 378 Relaxed Straight Leg Men's 36x30 Blue Dark Denim jean,,E1 185 6.74,"1","FIXED_PRICE","USD",22.0,,,22.0,"0","","","Jun-10-26 17:29:39 PDT","Jul-10-26 17:29:39 PDT","Jeans","11483","","","Pre-owned - Good","","","","","","US","","",""
"267695741186",Vans Trucker Hat Snapback Cap Red/White/Blue One Size Skater retro,,Free,"1","FIXED_PRICE","USD",11.0,,,11.0,"0","","","Jun-10-26 17:30:58 PDT","Jul-10-26 17:30:58 PDT","Hats","52365","","","Pre-owned - Good","","","","","","US","","",""
"267695741615",Lucky Brand Womens Sweet Boot Low Rise Dark Wash Denim Jeans Whiskered 10,,0172 D4 6.79,"1","FIXED_PRICE","USD",22.0,,,22.0,"0","","","Jun-10-26 17:31:46 PDT","Jul-10-26 17:31:46 PDT","Jeans","11554","","","Pre-owned - Good","","","","","","US","","",""
"267695742569",ROYAL HAWAIIAN CREATIONS White Print Hawaiian Shirt with Sea Turtles,,0175 D4 5.59,"1","FIXED_PRICE","USD",22.0,,,22.0,"0","","","Jun-10-26 17:33:32 PDT","Jul-10-26 17:33:32 PDT","Casual Button-Down Shirts","57990","","","Pre-owned - Good","","","","","","US","","",""
"267695743104",PATAGONIA CLASSIC SYNCHILLA FLEECE VEST STYLE 23010 MEN’S XS,,0178 D4 8,"1","FIXED_PRICE","USD",30.0,,,30.0,"0","","","Jun-10-26 17:34:37 PDT","Jul-10-26 17:34:37 PDT","Coats, Jackets & Vests","57988","","","Pre-owned - Good","","","","","","US","","",""
"267695743526",RAIDERS HAT PINK GRAY LOGO NEW ERA WOMEN 9Twenty Strap Back Cap NFL,,2.79,"1","FIXED_PRICE","USD",17.0,,,17.0,"0","","","Jun-10-26 17:35:55 PDT","Jul-10-26 17:35:55 PDT","Football-NFL","206","","","Used","","","","","","US","","",""
"267695743944",Skechers Flex Women Size 6 Beige Brown Adjustable Strap Walking Sneakers,,Free s5-6,"1","FIXED_PRICE","USD",26.0,,,26.0,"0","","","Jun-10-26 17:37:15 PDT","Jul-10-26 17:37:15 PDT","Athletic Shoes","95672","","","Pre-owned - Good","","","","","","US","","",""
"267695744154","VTG Black Multi Color SCARF JAPAN SHAWL COWL 60""",,0153 D4 1.99,"1","FIXED_PRICE","USD",17.0,,,17.0,"0","","","Jun-10-26 17:38:05 PDT","Jul-10-26 17:38:05 PDT","Scarves & Wraps","45238","","","Pre-owned - Good","","","","","","US","","",""
"267695744769",UNDEFEATED ANTI SOCIAL CLUB ASSC CAP HAT LEATHER STRAPBACK WOOL Rare,,Free,"1","FIXED_PRICE","USD",43.0,,,43.0,"0","","","Jun-10-26 17:39:44 PDT","Jul-10-26 17:39:44 PDT","Hats","52365","","","Pre-owned - Good","","","","","","US","","",""
"267695744884",Empyre Corduroy Pants Mens Size 33x30 Relaxed Fit Cotton Maroon Skater,,0179 D4 12,"1","FIXED_PRICE","USD",30.0,,,30.0,"0","","","Jun-10-26 17:40:09 PDT","Jul-10-26 17:40:09 PDT","Pants","63863","","","Pre-owned - Good","","","","","","US","","",""
"267695745771",Vintage MODA INTL Crop Sweater Wool Knit Sweater Brown Women's Medium,,0168 D3 free,"1","FIXED_PRICE","USD",26.0,,,26.0,"0","","","Jun-10-26 17:42:15 PDT","Jul-10-26 17:42:15 PDT","Sweaters","63866","","","Pre-owned - Good","","","","","","US","","",""
"267695746077",Dell Deluxe Leather Laptop Computer Carry-on Bag Black Briefcase,,Free,"1","FIXED_PRICE","USD",30.0,,,30.0,"0","","","Jun-10-26 17:43:09 PDT","Jul-10-26 17:43:09 PDT","Laptop Cases & Bags","31519","","","Used","","","","","","US","","",""
"267695746322",Vintage Christmas Necktie Black Christmas Tree big star,,0169 D3 less 5,"1","FIXED_PRICE","USD",17.0,,,17.0,"0","","","Jun-10-26 17:44:18 PDT","Jul-10-26 17:44:18 PDT","Ties","15662","","","Pre-owned - Good","","","","","","US","","",""
"267695746673",New Kate Spade Large Tote Shinny Black emo rock WkRU2471 zip,,Free,"1","FIXED_PRICE","USD",56.0,,,56.0,"0","","","Jun-10-26 17:45:21 PDT","Jul-10-26 17:45:21 PDT","Women's Bags & Handbags","169291","","","Pre-owned - Good","","","","","","US","","",""
"267695746788",Tory Burch Zip Continental Wallet Brown logo credit card holder,,0154 D3 FREE,"1","FIXED_PRICE","USD",29.0,,,29.0,"0","","","Jun-10-26 17:45:43 PDT","Jul-10-26 17:45:43 PDT","Wallets","45258","","","Pre-owned - Good","","","","","","US","","",""
"267695747370",Pendleton 100% Virgin Wool Gray Sport Coat Blazer Jacket Glen Size 46R,,7.5,"1","FIXED_PRICE","USD",51.0,,,51.0,"0","","","Jun-10-26 17:47:04 PDT","Jul-10-26 17:47:04 PDT","Suits & Suit Separates","3001","","","Pre-owned - Good","","","","","","US","","",""
"267695747601",VTG Rambo combat Jacket Jungle Camo M  NATO USA Coat US Army Marines,,,"1","FIXED_PRICE","USD",34.0,,,34.0,"0","","","Jun-10-26 17:47:41 PDT","Jul-10-26 17:47:41 PDT","Coats & Jackets","177868","","","Pre-owned","","","","","","US","","",""
"267695748183",MENS VANS BLACK SNAPBACK HAT ADJUSTABLE CAP OFF THE WALL,,,"1","FIXED_PRICE","USD",22.0,,,22.0,"0","0","0","Jun-10-26 17:48:51 PDT","Jul-10-26 17:48:51 PDT","Hats","52365","","","Pre-owned - Good","","","","","","US","","",""
"267695748696",North Face Sweater Womens XS 1/4 Zip BLUE Lightweight,,0117,"1","FIXED_PRICE","USD",22.0,,,22.0,"0","","","Jun-10-26 17:50:03 PDT","Jul-10-26 17:50:03 PDT","Coats, Jackets & Vests","63862","","","Pre-owned - Good","","","","","","US","","",""
"267695748931",Columbia Convert Performance Board Apparel Insulated Lined Ski Pants Size L,,0126,"1","FIXED_PRICE","USD",47.0,,,47.0,"0","","","Jun-10-26 17:50:44 PDT","Jul-10-26 17:50:44 PDT","Snow Pants & Bibs","36261","","","Pre-owned","","","","","","US","","",""
"267695749722",Tommy Bahama Green Long Sleeve 1/4 Button-Down Shirt Size Large,,0125,"1","FIXED_PRICE","USD",26.0,,,26.0,"0","","","Jun-10-26 17:52:51 PDT","Jul-10-26 17:52:51 PDT","Dress Shirts","57991","","","Pre-owned - Good","","","","","","US","","",""
"267695749889",Dakine Men's polygiene Small Cycling Bike Jersey Shirt Blue Rock/Midnight,,0123,"1","FIXED_PRICE","USD",31.0,,,31.0,"0","","","Jun-10-26 17:53:26 PDT","Jul-10-26 17:53:26 PDT","Tops, T-Shirts & Jerseys","177851","","","Pre-owned","","","","","","US","","",""
"267695750537",Chaps by Ralph Lauren Scottish Camel Hair Sport Coat Blazer Mens M-L USA,,,"1","FIXED_PRICE","USD",85.0,,,85.0,"0","","","Jun-10-26 17:55:45 PDT","Jul-10-26 17:55:45 PDT","Suits & Suit Separates","3001","","","Pre-owned - Good","","","","","","US","","",""
"267695750547",NBA Ultra Game Golden State Warriors Pom Beanie Hat Unisex,,0007,"1","FIXED_PRICE","USD",22.0,,,22.0,"0","","","Jun-10-26 17:55:48 PDT","Jul-10-26 17:55:48 PDT","Basketball-NBA","24442","","","Used","","","","","","US","","",""
"267695751007",Alo Leggings Womens XSmall Black High Waisted Moto Yoga Pant Street Matte Mesh,,0042,"1","FIXED_PRICE","USD",30.0,,,30.0,"0","","","Jun-10-26 17:57:24 PDT","Jul-10-26 17:57:24 PDT","Activewear Pants","260954","","","Pre-owned - Good","","","","","","US","","",""
"267695751447",Banana Republic Red/Blue Color Block Waffle Knit Sweater Women’s Size Small,,0103 B1,"1","FIXED_PRICE","USD",26.0,,,26.0,"0","","","Jun-10-26 17:58:50 PDT","Jul-10-26 17:58:50 PDT","Sweaters","63866","","","Pre-owned - Good","","","","","","US","","",""
"267695751469",Calvin Klein Red Dress Size 4 V Neck Knee Sleeveless Gold Metal Formal Cocktail,,,"1","FIXED_PRICE","USD",39.0,,,39.0,"0","1","0","Jun-10-26 17:58:56 PDT","Jul-10-26 17:58:56 PDT","Dresses","63861","","","Pre-owned - Good","","","","","","US","","",""
"267695752197",Kenneth Cole Reaction Jacket/Hoodie Mens Extra large Hoodie Black RN 54163,,,"1","FIXED_PRICE","USD",39.0,,,39.0,"0","","","Jun-10-26 18:01:03 PDT","Jul-10-26 18:01:03 PDT","Coats, Jackets & Vests","57988","","","Pre-owned - Good","","","","","","US","","",""
"267695752210",Prana Breathe Jeans Mens 32 X 28 Blue Denim Straight Leg RN 124977,,0097,"1","FIXED_PRICE","USD",34.0,,,34.0,"0","","","Jun-10-26 18:01:05 PDT","Jul-10-26 18:01:05 PDT","Jeans","11483","","","Pre-owned - Good","","","","","","US","","",""
"267695752701",Prana Breathe Jeans Mens 32 X 28 Blue Denim Straight Leg RN 124977,,0099,"1","FIXED_PRICE","USD",34.0,,,34.0,"0","","","Jun-10-26 18:02:34 PDT","Jul-10-26 18:02:34 PDT","Jeans","11483","","","Pre-owned - Good","","","","","","US","","",""
"267695752718",Joe's Jeans ALLISON High rise Skinny Ankle Size 29 RN 106214 CA 35037,,0096 B1,"1","FIXED_PRICE","USD",26.0,,,26.0,"0","","","Jun-10-26 18:02:37 PDT","Jul-10-26 18:02:37 PDT","Jeans","11554","","","Pre-owned - Good","","","","","","US","","",""
"267695753517",Paige Jeans Womens 31 x 26 Verdugo Ankle Skinny Notthingham Dark Wash,,0100,"1","FIXED_PRICE","USD",26.0,,,26.0,"0","","","Jun-10-26 18:04:10 PDT","Jul-10-26 18:04:10 PDT","Jeans","11554","","","Pre-owned - Good","","","","","","US","","",""
"267695753782",VINTAGE 1993 MOUSE SYSTEMS COBRA GAME 2 Button JOYSTICK,,,"1","FIXED_PRICE","USD",30.0,,,30.0,"0","","","Jun-10-26 18:04:50 PDT","Jul-10-26 18:04:50 PDT","Game Pieces, Parts","7317","","","Used","","","","","","US","","",""
"267695754066",Empyre Tori Corduroy Pants Women's Size 0 Brown Wide Leg Baggy Y2K Skater Grunge,,0017,"1","FIXED_PRICE","USD",26.0,,,26.0,"0","","","Jun-10-26 18:05:44 PDT","Jul-10-26 18:05:44 PDT","Pants","63863","","","Pre-owned - Good","","","","","","US","","",""
"267695754181",Merona Womens Size L Retro Plaid Belted Dress Coat. RN17730,,,"1","FIXED_PRICE","USD",34.0,,,34.0,"0","","","Jun-10-26 18:06:04 PDT","Jul-10-26 18:06:04 PDT","Coats, Jackets & Vests","63862","","","Pre-owned - Good","","","","","","US","","",""
"267695755392",Vintage - Marvin Richards - BLACK Peacoat - Women's Size Large - RN 73209,,,"1","FIXED_PRICE","USD",40.0,,,40.0,"0","","","Jun-10-26 18:07:37 PDT","Jul-10-26 18:07:37 PDT","Coats, Jackets & Vests","63862","","","Pre-owned - Good","","","","","","US","","",""
"267695755510",Keen Newport H2 Youth Kids Gray/Blue Hiking Water Closed Toe Sandals | Size 1,,0113,"1","FIXED_PRICE","USD",22.0,,,22.0,"0","","","Jun-10-26 18:07:58 PDT","Jul-10-26 18:07:58 PDT","Unisex Kids' Shoes","155202","","","Pre-owned - Good","","","","","","US","","",""
"267695755978",TORY BURCH Women Flip Flops Orange Logo Summer Spring Beach Soft Size US 9.5,,0135,"1","FIXED_PRICE","USD",13.0,,,13.0,"0","","","Jun-10-26 18:09:09 PDT","Jul-10-26 18:09:09 PDT","Slippers","11632","","","Pre-owned - Good","","","","","","US","","",""
"267695756132",True Religion blue jean Jennie Mid Rise Skinny Jeans Size 28,,0143,"1","FIXED_PRICE","USD",22.0,,,22.0,"0","","","Jun-10-26 18:09:13 PDT","Jul-10-26 18:09:13 PDT","Jeans","11554","","","Pre-owned - Good","","","","","","US","","",""
"267695757028",Maui and Sons Hawaiian Button Down Shirt Mens Size XL Short Sleeve Blue NWOT,,0139,"1","FIXED_PRICE","USD",22.0,,,22.0,"0","","","Jun-10-26 18:10:21 PDT","Jul-10-26 18:10:21 PDT","Polos","185101","","","New without tags","","","","","","US","","",""
"267695757688",prAna Jeans Size 2/26 Womens Blue Denim Straight Leg W4HONC115,,0045,"1","FIXED_PRICE","USD",26.0,,,26.0,"0","1","0","Jun-10-26 18:11:37 PDT","Jul-10-26 18:11:37 PDT","Jeans","11554","","","Pre-owned - Good","","","","","","US","","",""
"267695757691",Orvis Men's Size 2XL Pullover Sweater Quarter Zip Sherpa Lined Polyester Gray,,,"1","FIXED_PRICE","USD",30.0,,,30.0,"0","","","Jun-10-26 18:11:38 PDT","Jul-10-26 18:11:38 PDT","Sweaters","11484","","","Pre-owned - Good","","","","","","US","","",""
"267695759046",Spyder Hoodie Mens Extra Large blue Hooded Pullover Drawstring Pro Web Active,,0080 B2,"1","FIXED_PRICE","USD",30.0,,,30.0,"0","","","Jun-10-26 18:12:52 PDT","Jul-10-26 18:12:52 PDT","Hoodies & Sweatshirts","155183","","","Pre-owned - Good","","","","","","US","","",""
"267695759120",Athleta Textured Leggings Gray/Black Size ST RN 54023,,0078,"1","FIXED_PRICE","USD",22.0,,,22.0,"0","","","Jun-10-26 18:13:06 PDT","Jul-10-26 18:13:06 PDT","Activewear Pants","260954","","","Pre-owned - Good","","","","","","US","","",""
"267695759842",THE NORTH FACE Navy Blue Cropped Leggings size medium,,0075,"1","FIXED_PRICE","USD",17.0,,,17.0,"0","","","Jun-10-26 18:14:49 PDT","Jul-10-26 18:14:49 PDT","Leggings","169001","","","Pre-owned - Good","","","","","","US","","",""
"267695761300",7 For All Mankind Women's Roxanne Ankle Skinny Jeans sz 25,,0064 B2,"1","FIXED_PRICE","USD",22.0,,,22.0,"0","","","Jun-10-26 18:16:31 PDT","Jul-10-26 18:16:31 PDT","Jeans","11554","","","Pre-owned - Good","","","","","","US","","",""
"267695761369",Paige Skyline Skinny Jeans Women's Size 26 Blue 5-Pocket Low Rise  distressed,,0061 B2,"1","FIXED_PRICE","USD",26.0,,,26.0,"0","","","Jun-10-26 18:16:38 PDT","Jul-10-26 18:16:38 PDT","Jeans","11554","","","Pre-owned - Good","","","","","","US","","",""
"267695763603",Disney Snow White & 7 Dwarfs Plush Stuffed Animal - Dopey,,,"1","FIXED_PRICE","USD",13.0,,,13.0,"0","","","Jun-10-26 18:18:33 PDT","Jul-10-26 18:18:33 PDT","Plush Toys","142","","","Used","","","","","","US","","",""
"267695763765",HILARY RADLEY Wool Coat Womens Size 12 Brown Hooded Toggle Button Lined Pockets,,,"1","FIXED_PRICE","USD",43.0,,,43.0,"0","","","Jun-10-26 18:18:43 PDT","Jul-10-26 18:18:43 PDT","Coats, Jackets & Vests","63862","","","Pre-owned - Good","","","","","","US","","",""
"267695765004",Traditions Large Water Globe Heirloom Musical w/ Metal Base,,MISC 3,"1","FIXED_PRICE","USD",43.0,,,43.0,"0","","","Jun-10-26 18:19:54 PDT","Jul-10-26 18:19:54 PDT","Snow Globes","261642","","","Used","","","","","","US","","",""
"267695766350","Athleta Black Leggings with Side Zippers, Women's Medium",,0051 a1,"1","FIXED_PRICE","USD",17.0,,,17.0,"0","","","Jun-10-26 18:21:22 PDT","Jul-10-26 18:21:22 PDT","Leggings","169001","","","Pre-owned - Good","","","","","","US","","",""
"267695766373",Nike Los Angeles Rams On Field Shirt Mens M Gray Long Sleeve,,,"1","FIXED_PRICE","USD",13.0,,,13.0,"0","","","Jun-10-26 18:21:24 PDT","Jul-10-26 18:21:24 PDT","Football-NFL","206","","","Used","","","","","","US","","",""
"267695767875",Paige Jeans Hoxton Ultra Skinny High Rise Dark Wash Jeans 26,,0053,"1","FIXED_PRICE","USD",26.0,,,26.0,"0","","","Jun-10-26 18:23:21 PDT","Jul-10-26 18:23:21 PDT","Jeans","11554","","","Pre-owned - Good","","","","","","US","","",""
"267695768118",7 For All Mankind Jeans Women’s Size 26 The Slim cigarette,,0054 B2,"1","FIXED_PRICE","USD",22.0,,,22.0,"0","","","Jun-10-26 18:23:45 PDT","Jul-10-26 18:23:45 PDT","Jeans","11554","","","Pre-owned - Good","","","","","","US","","",""
"267695769239",Orvis Womens Size Small Black High Rise Soft Fleeced Lined,,0055 B2,"1","FIXED_PRICE","USD",13.0,,,13.0,"0","","","Jun-10-26 18:25:41 PDT","Jul-10-26 18:25:41 PDT","Leggings","169001","","","Pre-owned - Good","","","","","","US","","",""
"267695769248",Gap Wmens Vintage Slim High Rise Velour Pants Size 29/8 T,,0048,"1","FIXED_PRICE","USD",26.0,,,26.0,"0","","","Jun-10-26 18:25:42 PDT","Jul-10-26 18:25:42 PDT","Pants","63863","","","Pre-owned - Good","","","","","","US","","",""
"267695770289",LL Bean Shirt Mens Large green Short Sleeve Button Down,,0026,"1","FIXED_PRICE","USD",17.0,,,17.0,"0","","","Jun-10-26 18:27:38 PDT","Jul-10-26 18:27:38 PDT","Polos","185101","","","Pre-owned - Good","","","","","","US","","",""
"267695771537",Kenneth Cole Womens Jacket M Black Reaction Long Sleeve Button Belt Trench Coat,,,"1","FIXED_PRICE","USD",43.0,,,43.0,"0","","","Jun-10-26 18:29:55 PDT","Jul-10-26 18:29:55 PDT","Coats, Jackets & Vests","63862","","","Pre-owned - Good","","","","","","US","","",""
"267695772424",Carriage House The Chef Line stainless set of 6 Japan vntge,,,"1","FIXED_PRICE","USD",85.0,,,85.0,"0","","","Jun-10-26 18:31:47 PDT","Jul-10-26 18:31:47 PDT","Other Flatware & Cutlery","261680","","","Used","","","","","","US","","",""
"267695772593",Womens Size 4 Kenneth Cole Red 80% Wool Coat,,,"1","FIXED_PRICE","USD",34.0,,,34.0,"0","","","Jun-10-26 18:32:07 PDT","Jul-10-26 18:32:07 PDT","Coats, Jackets & Vests","63862","","","Pre-owned - Good","","","","","","US","","",""
"267695773393",Vintage Santa Claus House Kringle Town 1993 Limited Edition,,,"1","FIXED_PRICE","USD",34.0,,,34.0,"0","","","Jun-10-26 18:33:28 PDT","Jul-10-26 18:33:28 PDT","Figurines","261636","","","Used","","","","","","US","","",""
"267695773796",Vintage Barbie Decoupage Christmas Ornament With Original Box.,,,"1","FIXED_PRICE","USD",17.0,,,17.0,"0","","","Jun-10-26 18:34:12 PDT","Jul-10-26 18:34:12 PDT","Ornaments","77988","","","New","","","","","","US","","",""
"267695774321",Vintage Fine Porcelain Nativity 9 Piece Set,,,"1","FIXED_PRICE","USD",34.0,,,34.0,"0","","","Jun-10-26 18:35:03 PDT","Jul-10-26 18:35:03 PDT","Table Décor & Serving Pieces","261644","","","Used","","","","","","US","","",""
"267695774547",Reflex Life is Out There Fur White ZIP UP Hooded Sweater Size Medium,,0014,"1","FIXED_PRICE","USD",22.0,,,22.0,"0","","","Jun-10-26 18:35:30 PDT","Jul-10-26 18:35:30 PDT","Sweaters","63866","","","Pre-owned - Good","","","","","","US","","",""
"267695775035",Ron Weasley Kurt Adler Christmas ornament Harry Potter Warner Bros.,,,"1","FIXED_PRICE","USD",17.0,,,17.0,"0","","","Jun-10-26 18:36:42 PDT","Jul-10-26 18:36:42 PDT","Other Decorative Collectibles","73467","","","New","","","","","","US","","",""
"267695775097",Warner Bros. & Kurt S. Adler 2001 Harry Potter HARRY & HEDWIG Owl Ornament 5.5”,,,"1","FIXED_PRICE","USD",17.0,,,17.0,"0","","","Jun-10-26 18:36:47 PDT","Jul-10-26 18:36:47 PDT","Other Decorative Collectibles","73467","","","New","","","","","","US","","",""
"267695775713",WALT DISNEY WORLD MAGICAL YEARS 1971-1991 BALL ORNAMENT IN BOX,,,"1","FIXED_PRICE","USD",17.0,,,17.0,"0","","","Jun-10-26 18:37:37 PDT","Jul-10-26 18:37:37 PDT","Other Decorative Collectibles","73467","","","New","","","","","","US","","",""
"267695775755",HALLMARK HARRY POTTER BOOK AND WAND ORNAMENT,,,"1","FIXED_PRICE","USD",17.0,,,17.0,"0","","","Jun-10-26 18:37:49 PDT","Jul-10-26 18:37:49 PDT","Figures & Statues","261055","","","New","","","","","","US","","",""
"267695776027",Disney mickey mouse blue mug water/tea/coffee blue kids,,,"1","FIXED_PRICE","USD",13.0,,,13.0,"0","","","Jun-10-26 18:38:40 PDT","Jul-10-26 18:38:40 PDT","Cups & Mugs","261054","","","New other (see details)","","","","","","US","","",""
"267695776227","BEBE Women’s Black Zip Around Wallet – Clutch Purse – Used, Good Condition",,,"1","FIXED_PRICE","USD",19.0,,,19.0,"0","","","Jun-10-26 18:39:05 PDT","Jul-10-26 18:39:05 PDT","Wallets","45258","","","Pre-owned - Good","","","","","","US","","",""
"267695776558",Carolina Panthers NFLWomen's Knit Pom Beanie,,,"2","FIXED_PRICE","USD",17.0,,,17.0,"0","","","Jun-10-26 18:40:05 PDT","Jul-10-26 18:40:05 PDT","Hats","45230","","","Pre-owned - Good","","","","","","US","","",""
"267695776840",MR SWIM Summer swim shorts party shorts size L mens,,0002,"1","FIXED_PRICE","USD",17.0,,,17.0,"0","","","Jun-10-26 18:40:46 PDT","Jul-10-26 18:40:46 PDT","Shorts","15689","","","Pre-owned - Good","","","","","","US","","",""
"267695777263",NBA Lakers Pullover Sweatshirt Hoodie Men's Yellow Large,,,"1","FIXED_PRICE","USD",22.0,,,22.0,"0","","","Jun-10-26 18:42:19 PDT","Jul-10-26 18:42:19 PDT","Sweaters","11484","","","Pre-owned - Good","","","","","","US","","",""
"267695777562",Sam Edelman Black Chiffon Lined Spaghetti Strap Pleated Maxi Dress Size XS,,0011,"1","FIXED_PRICE","USD",19.0,,,19.0,"0","","","Jun-10-26 18:43:43 PDT","Jul-10-26 18:43:43 PDT","Dresses","63861","","","Pre-owned - Good","","","","","","US","","",""
"267695777563",Express dress white size 0 formal casual cute heat pattern,,0037,"1","FIXED_PRICE","USD",15.0,,,15.0,"0","","","Jun-10-26 18:43:44 PDT","Jul-10-26 18:43:44 PDT","Dresses","63861","","","Pre-owned - Good","","","","","","US","","",""
"267695778043",American eagle coat,,0018,"1","FIXED_PRICE","USD",23.0,,,23.0,"0","","","Jun-10-26 18:44:56 PDT","Jul-10-26 18:44:56 PDT","Coats, Jackets & Vests","63862","","","Pre-owned - Good","","","","","","US","","",""
"267695778159",Nike hat baseball cap black one size,,,"1","FIXED_PRICE","USD",17.0,,,17.0,"0","","","Jun-10-26 18:45:16 PDT","Jul-10-26 18:45:16 PDT","Hats","52365","","","Pre-owned - Good","","","","","","US","","",""
"267695778629",HURLEY hat cap Adjustable Mesh One Size Fits All Snapback,,,"1","FIXED_PRICE","USD",13.0,,,13.0,"0","","","Jun-10-26 18:46:16 PDT","Jul-10-26 18:46:16 PDT","Hats","52365","","","Pre-owned - Good","","","","","","US","","",""
"267695778925",Hurley Warner Brown Snapback Adjustable Mesh Trucker Hat / Cap,,,"1","FIXED_PRICE","USD",13.0,,,13.0,"0","","","Jun-10-26 18:46:56 PDT","Jul-10-26 18:46:56 PDT","Hats","52365","","","Pre-owned - Good","","","","","","US","","",""
"267695779256",Champion Authentic Unisex Multi Purpose Belt Bag Black Logo Sport Casual,,,"1","FIXED_PRICE","USD",13.0,,,13.0,"0","","","Jun-10-26 18:47:44 PDT","Jul-10-26 18:47:44 PDT","Bags","52357","","","Pre-owned - Good","","","","","","US","","",""
"267695779639",Think green lined sherpa  hoodie Boys jacket,,0047,"1","FIXED_PRICE","USD",12.0,,,12.0,"0","","","Jun-10-26 18:48:41 PDT","Jul-10-26 18:48:41 PDT","Outerwear","51933","","","Pre-owned - Good","","","","","","US","","",""
"267695779973",PUMA Womens Warm Puffer Down Vest Jacket Purple XS,,0041,"1","FIXED_PRICE","USD",15.0,,,15.0,"0","","","Jun-10-26 18:49:37 PDT","Jul-10-26 18:49:37 PDT","Outerwear","51580","","","Pre-owned - Good","","","","","","US","","",""
"267695780686",Fossil Messenger Bag Adjustable Strap Flap brown authentic,,,"1","FIXED_PRICE","USD",37.0,,,37.0,"0","","","Jun-10-26 18:51:10 PDT","Jul-10-26 18:51:10 PDT","Bags","52357","","","Pre-owned - Good","","","","","","US","","",""
"267695781088","Nike Braata LR Casual Sneakers, 477650-610, Red, Leather  MEN size 10",,,"1","FIXED_PRICE","USD",29.0,,,29.0,"0","","","Jun-10-26 18:52:05 PDT","Jul-10-26 18:52:05 PDT","Casual Shoes","24087","","","Pre-owned - Good","","","","","","US","","",""
"267695781730",Green Bay Packers Mens Winter Beanie,,0021,"1","FIXED_PRICE","USD",17.0,,,17.0,"0","","","Jun-10-26 18:53:23 PDT","Jul-10-26 18:53:23 PDT","Hats","52365","","","Pre-owned - Good","","","","","","US","","",""
"267695782365",Matchbox '15 Mazda MX-5 Miata #61/102,,,"1","FIXED_PRICE","USD",7.0,,,7.0,"0","","","Jun-10-26 18:55:00 PDT","Jul-10-26 18:55:00 PDT","Vintage Manufacture","180507","","","New","","","","","","US","","",""
"267695782548",2022 MATCHBOX 1976 HONDA CIVIC CVCC MBX METRO 21/100 RED,,,"1","FIXED_PRICE","USD",7.0,,,7.0,"0","","","Jun-10-26 18:55:39 PDT","Jul-10-26 18:55:39 PDT","Vintage Manufacture","180507","","","New","","","","","","US","","",""
"267695782735",Hot wheels Batmobile Black #178 178/250 2022 Batman 5/5,,,"1","FIXED_PRICE","USD",7.0,,,7.0,"0","","","Jun-10-26 18:56:25 PDT","Jul-10-26 18:56:25 PDT","Vintage Manufacture","180507","","","New","","","","","","US","","",""
"267695782852",Hot Wheels Audi RS E Tron GT 176/250 HW Green Speed 5/5 2022,,,"1","FIXED_PRICE","USD",7.0,,,7.0,"0","","","Jun-10-26 18:57:00 PDT","Jul-10-26 18:57:00 PDT","Vintage Manufacture","180507","","","New","","","","","","US","","",""
"267695783114",Hot Wheels New For 2022 HW Green Speed #73 Ford Mustang MACH-E 1400 Red,,,"1","FIXED_PRICE","USD",7.0,,,7.0,"0","","","Jun-10-26 18:57:57 PDT","Jul-10-26 18:57:57 PDT","Other Stuffed Animals","230","","","New","","","","","","US","","",""
"267695783300",Hot Wheels '20 Toyota GR Supra Yellow #178 178/250 2021 HW Speed Graphics 5/10,,,"1","FIXED_PRICE","USD",9.0,,,9.0,"0","","","Jun-10-26 18:58:30 PDT","Jul-10-26 18:58:30 PDT","Vintage Manufacture","180507","","","New","","","","","","US","","",""
"267695783597",New 2022 Hot Wheels Lucid Air HW Green Speed 4/5 #147/250 G Case,,,"1","FIXED_PRICE","USD",7.0,,,7.0,"0","","","Jun-10-26 18:59:47 PDT","Jul-10-26 18:59:47 PDT","Vintage Manufacture","180507","","","New","","","","","","US","","",""
"267695928124",Bnus b.n.u.s spring square sunglasses polarized Italy Commander brown glass,,,"1","FIXED_PRICE","USD",55.0,,,55.0,"0","1","0","Jun-10-26 23:23:35 PDT","Jul-10-26 23:23:35 PDT","Sunglasses","79720","","","Pre-owned - Excellent","","","","","","US","","",""
"267695930540",Department 56 Carpenter Gothic Bed & Breakfast Original Snow Village 56.55043,,,"1","FIXED_PRICE","USD",99.0,,,99.0,"0","","","Jun-10-26 23:31:08 PDT","Jul-10-26 23:31:08 PDT","Villages & Houses","261646","","","Used","","","","","","US","734409168800","",""
"267696406593",Timberland Women's Gray Leather Lace Up Combat Work Ankle Boots US 8.5,,,"1","FIXED_PRICE","USD",54.99,,,54.99,"0","","","Jun-11-26 11:23:12 PDT","Jul-11-26 11:23:12 PDT","Boots","53557","","","Pre-owned - Excellent","","","","","","US","","",""
"267696415906",Altra Women's Timp 5 Trail Running Shoes Womens Size 8 Dusty Olive Coral Pink,,,"0","FIXED_PRICE","USD",59.99,,,59.99,"1","1","0","Jun-11-26 11:34:51 PDT","Jul-11-26 11:34:51 PDT","Athletic Shoes","95672","","","Pre-owned - Excellent","","","","","","US","","",""
"267696458410",Coach Signature Stripe Swingpack Crossbody Shoulder Handbag Purse,,,"1","FIXED_PRICE","USD",35.0,,,35.0,"0","","","Jun-11-26 12:06:19 PDT","Jul-11-26 12:06:19 PDT","Women's Bags & Handbags","169291","","","Pre-owned - Good","","","","","","US","","",""
"267696482851",COACH Vintage Monogram Fur Shoulder Bag,,,"1","FIXED_PRICE","USD",89.99,,,89.99,"0","3","0","Jun-11-26 12:18:41 PDT","Jul-11-26 12:18:41 PDT","Women's Bags & Handbags","169291","","","Pre-owned - Excellent","","","","","","US","","",""
"267696490108",Coach Black Leather Trifold Wallet Lavender Purple Interior Contrast Stitching,,,"1","FIXED_PRICE","USD",39.99,,,39.99,"0","","","Jun-11-26 12:23:05 PDT","Jul-11-26 12:23:05 PDT","Wallets","45258","","","Pre-owned - Good","","","","","","US","","",""
"267696506519",Coach Signature Corner Zip Multi-Color Wristlet - Canvas,,,"1","FIXED_PRICE","USD",15.0,,,15.0,"0","","","Jun-11-26 12:30:11 PDT","Jul-11-26 12:30:11 PDT","Wallets","45258","","","Pre-owned - Fair","","","","","","US","","",""
"267696546589",Coach Signature Canvas Zip Around Wallet Beige,,,"1","FIXED_PRICE","USD",30.0,,,30.0,"0","","","Jun-11-26 13:13:23 PDT","Jul-11-26 13:13:23 PDT","Wallets","45258","","","Pre-owned - Fair","","","","","","US","","",""
"267696555235",Carhartt Full Zip Rain Outdoors Jacket - Mens Size Large L - Yellow/Black,,,"1","FIXED_PRICE","USD",70.0,,,70.0,"0","1","0","Jun-11-26 13:25:56 PDT","Jul-11-26 13:25:56 PDT","Coats, Jackets & Vests","57988","","","Pre-owned - Excellent","","","","","","US","","",""
"267696559281",Vintage Carhartt Green Moss Lined Chore Barn Field Jacket - XL (C52 MOS),,,"1","FIXED_PRICE","USD",130.0,,,130.0,"0","2","0","Jun-11-26 13:30:04 PDT","Jul-11-26 13:30:04 PDT","Coats, Jackets & Vests","57988","","","Pre-owned - Good","","","","","","US","","",""
"267696561958",Lululemon Leggings Womens Small Black Print Ankle Mesh Panel Athletic Yoga,,,"1","FIXED_PRICE","USD",29.95,,,29.95,"0","","","Jun-11-26 13:33:58 PDT","Jul-11-26 13:33:58 PDT","Activewear Pants","260954","","","Pre-owned - Excellent","","","","","","US","","",""
"267696562784","Patagonia Baggies Shorts 5"" Black Lined Drawstring Shorts Size Large",,,"0","FIXED_PRICE","USD",35.0,,,35.0,"1","9","0","Jun-11-26 13:36:07 PDT","Jul-11-26 13:36:07 PDT","Shorts","15689","","","Pre-owned - Excellent","","","","","","US","","",""
"267696567201",PATAGONIA Triolet Pants Men’s L Black Gore-Tex Full Leg Zip Snow Ski $399,,,"1","FIXED_PRICE","USD",175.0,,,175.0,"0","","","Jun-11-26 13:44:54 PDT","Jul-11-26 13:44:54 PDT","Snow Pants & Bibs","36261","","","New without tags","","","","","","US","Does not apply","",""
"267696570049",Patagonia Torrentshell 3L Rain Pants Black H2NO~~ Men's Large,,,"0","FIXED_PRICE","USD",79.99,,,79.99,"1","2","0","Jun-11-26 13:50:42 PDT","Jul-11-26 13:50:42 PDT","Activewear Pants","260956","","","Pre-owned - Excellent","","","","","","US","","",""
"267696572693",Patagonia Men's Large Gore-Tex Snow Pants Recco Ski Snowboard Blue,,,"1","FIXED_PRICE","USD",175.0,,,175.0,"0","2","0","Jun-11-26 13:54:58 PDT","Jul-11-26 13:54:58 PDT","Snow Pants & Bibs","36261","","","New without tags","","","","","","US","","",""
"267697550464",Michael Kors Blakely Leather Satchel in Red Handle Bag Gold Hardware Bag Charm ,,,"1","FIXED_PRICE","USD",90.0,,,90.0,"0","","","Jun-12-26 15:06:49 PDT","Jul-12-26 15:06:49 PDT","Women's Bags & Handbags","169291","","","Pre-owned - Excellent","","","","","","US","","",""
"267697557992",Y2K bebe Soft Nude Brown Wallet Clutch Chain Strap Bag Purse Crossssbody Bag,,,"1","FIXED_PRICE","USD",40.0,,,40.0,"0","","","Jun-12-26 15:21:06 PDT","Jul-12-26 15:21:06 PDT","Women's Bags & Handbags","169291","","","Pre-owned - Excellent","","","","","","US","Does not apply","",""
"267697577546",Viola Castellani New Emerald Green Italian Leather Crossbody Bag,,,"1","FIXED_PRICE","USD",60.0,,,60.0,"0","","","Jun-12-26 15:35:13 PDT","Jul-12-26 15:35:13 PDT","Women's Bags & Handbags","169291","","","Pre-owned - Excellent","","","","","","US","","",""
"267697580554",Isabelle Mini Crossbody Bag Clutch Wallet Chain Strap Gold Hardware  Beige Color,,,"1","FIXED_PRICE","USD",49.99,,,49.99,"0","","","Jun-12-26 15:39:44 PDT","Jul-12-26 15:39:44 PDT","Women's Bags & Handbags","169291","","","Pre-owned - Excellent","","","","","","US","","",""
"267697584199",Highly Variegated Monstera Albo Halfmoon Premium Cutting with Fenestrations ,,,"1","FIXED_PRICE","USD",90.0,,,90.0,"0","1","0","Jun-12-26 15:44:11 PDT","Jul-12-26 15:44:11 PDT","Plants & Seedlings","19617","","","","","","","","","US","","",""
"267697790334",Monstera ALBO Highly Variegated Tiger Cutting. Established Roots In 5 Inch Pot.,,,"1","FIXED_PRICE","USD",70.0,,,70.0,"0","","","Jun-12-26 23:00:30 PDT","Jul-12-26 23:00:30 PDT","Plants & Seedlings","19617","","","","","","","","","US","","",""
"267697791642",Monstera ALBO Highly Variegated Tiger Cutting. Established Roots In 5 Inch Pot.,,,"1","FIXED_PRICE","USD",70.0,,,70.0,"0","1","0","Jun-12-26 23:03:02 PDT","Jul-12-26 23:03:02 PDT","Plants & Seedlings","19617","","","","","","","","","US","","",""
"267698124946","Coach Canvas Crossbody Camera Bag in Beige, Tan and Cream",,,"1","FIXED_PRICE","USD",89.99,,,89.99,"0","1","0","Jun-13-26 08:57:41 PDT","Jul-13-26 08:57:41 PDT","Women's Bags & Handbags","169291","","","Pre-owned - Good","","","","","","US","","",""
"267698522202","Streets of Rage 2 Sega Genesis, 1992 - Tested",,,"1","FIXED_PRICE","USD",39.99,,,39.99,"0","","","Jun-13-26 19:29:15 PDT","Jul-13-26 19:29:15 PDT","Video Games","139973","","","Very Good","","","","","5532","US","0010086010541","",""
"267699100110",Burberry Blue Label shoulder bag Canvas Gray Shoulder bag,,,"1","FIXED_PRICE","USD",199.0,,,199.0,"0","","","Jun-14-26 11:19:31 PDT","Jul-14-26 11:19:31 PDT","Women's Bags & Handbags","169291","","","Pre-owned - Excellent","","","","","","US","","",""
"267699146527",Coach Vintage Women's Black/Tan Straw/Wicker Handbag Pre-Owned Great Condition,,,"1","FIXED_PRICE","USD",199.95,,,199.95,"0","2","0","Jun-14-26 12:23:07 PDT","Jul-14-26 12:23:07 PDT","Women's Bags & Handbags","169291","","","Pre-owned - Excellent","","","","","","US","","",""
"267699148542",Coach Penelope Pebbled Leather Turn Lock Carryall Shoulder Bag Tote Black,,,"1","FIXED_PRICE","USD",79.99,,,79.99,"0","1","0","Jun-14-26 12:26:53 PDT","Jul-14-26 12:26:53 PDT","Women's Bags & Handbags","169291","","","Pre-owned - Excellent","","","","","","US","","",""
"267699304895",Coach Shoulder Bag Logo Pattern Leather Trim Gold Hardware Pockets,,,"1","FIXED_PRICE","USD",199.0,,,199.0,"0","1","0","Jun-14-26 14:54:55 PDT","Jul-14-26 14:54:55 PDT","Women's Bags & Handbags","169291","","","Pre-owned - Excellent","","","","","","US","","",""